dc_toy_num,dc_img_url,dc_model_name,dc_bin_num,dc_series,dc_color,dc_year,dc_series_num,dc_collector_num,dc_favourite,dc_notes,dc_duplicate,createdBy,dc_date_added
R7545,http://static.christanfergus.com/images/diecast/DSC01000.JPG,SCIROCCO GT 24,3A,ALL STARS '10,BURGANDY,2010,2/10/2015,,,,,PDigwodDLwByNXtBS,
V3903,http://static.christanfergus.com/images/diecast/DSC01002.JPG,VOLKSWAGEN BEETLE,4A,CLOVER CARS,GREEN,2011,6/6/2015,,,,,PDigwodDLwByNXtBS,
R3727,http://static.christanfergus.com/images/diecast/DSC01006.JPG,SUPER VAN,3A,REAL RIDERS,ORANGE,2010,1/34,,,,,PDigwodDLwByNXtBS,
V5428,http://static.christanfergus.com/images/diecast/DSC01008.JPG,FERRARI 599XX,3A,HW ALL STARS '12,RED,2012,5/10/2015,,,,,PDigwodDLwByNXtBS,
V5556,http://static.christanfergus.com/images/diecast/DSC01011.JPG,53 FORD MUSTANG II CONCEPT,4A,2011 NEW MODELS,BURGANDY,2011,14/50,,,,,PDigwodDLwByNXtBS,
T9775,http://static.christanfergus.com/images/diecast/DSC01013.JPG,SURFIN' SCHOOL BUS,4A,HW VIDEO GAME HEROES '11,YELLOW,2011,10/22/2015,,,,,PDigwodDLwByNXtBS,
R0953,http://static.christanfergus.com/images/diecast/DSC01015.JPG,71 MAVERICK GRABBER,3A,2010 NEW MODELS,GOLD,2010,33/44,,,,,PDigwodDLwByNXtBS,
T9704,http://static.christanfergus.com/images/diecast/DSC01017.JPG,BLVD. BRUISER,4A,2011 NEW MODELS,RUST,2011,34/50,,,,,PDigwodDLwByNXtBS,
T9824,http://static.christanfergus.com/images/diecast/DSC01019.JPG,HONDA CIVIC SI,4A,NIGHTBURNERZ '11,YELLOW,2011,7/10/2015,,,,,PDigwodDLwByNXtBS,
V0031,http://static.christanfergus.com/images/diecast/DSC01021.JPG,47 WILLYS,4A,HW RACING '11,BLACK,2011,2/10/2015,,,,,PDigwodDLwByNXtBS,
V5431,http://static.christanfergus.com/images/diecast/DSC01023.JPG,LAMBORGHINI ESTOQUE,3A,HW ALL STARS '12,YELLOW,2012,8/10/2015,,,,,PDigwodDLwByNXtBS,
R0956,http://static.christanfergus.com/images/diecast/DSC01025.JPG,71 DODGE CHARGER,3A,2010 NEW MODELS,GREEN,2010,36/44,,,,,PDigwodDLwByNXtBS,
R7554,http://static.christanfergus.com/images/diecast/DSC01027.JPG,CUSTOM V-8 VEGA,3A,FASTER THAN EVER '10,BLUE,2010,1/10/2015,,,,,PDigwodDLwByNXtBS,8/23/2015
R7504,http://static.christanfergus.com/images/diecast/DSC01029.JPG,AMC JAVELIN AMX,3A,MUSCLE MANIA '10,BLUE,2010,1/10/2015,,,,,PDigwodDLwByNXtBS,
R7522,http://static.christanfergus.com/images/diecast/DSC01031.JPG,DATSUN BLUEBIRD 510,4A,NIGHTBURNERZ,YELLOW,2011,9/10/2015,,,,,PDigwodDLwByNXtBS,
V5567,http://static.christanfergus.com/images/diecast/DSC01033.JPG,FERRARI 458 ITALIA,3A,HW ALL STARS '12,RED,2012,10/10/2015,,,,,PDigwodDLwByNXtBS,
V0032,http://static.christanfergus.com/images/diecast/DSC01035.JPG,DIXIE CHALLENGER,4A,HW MAIN STREET '11,BLACK,2011,5/10/2015,,,,,PDigwodDLwByNXtBS,
T9806,http://static.christanfergus.com/images/diecast/DSC01037.JPG,CUSTOM VOLKSWAGEN BEETLE,4A,HEAT FLEET '11,BLUE,2011,9/10/2015,,,,,PDigwodDLwByNXtBS,
T9812,http://static.christanfergus.com/images/diecast/DSC01039.JPG,70 PONTIAC GTO,4A,MUSCLE MANIA '11,YELLOW,2011,5/10/2015,,TRUE,,,PDigwodDLwByNXtBS,
18143,http://static.christanfergus.com/images/diecast/DSC01041.JPG,ESCORT RALLY,1A,1998 FIRST EDITIONS,WHITE,1997,1/48,637,TRUE,,,PDigwodDLwByNXtBS,
V5223,http://static.christanfergus.com/images/diecast/DSC01045.JPG,PORSCHE 911 GT2,4A,NIGHTBURNERZ,WHITE,2011,9/10/2015,,,,,PDigwodDLwByNXtBS,
W1566,http://static.christanfergus.com/images/diecast/DSC01047.JPG,VOLKSWAGEN BEETLE,4A,THE HOT ONES,BLUE,2011,,,,,,PDigwodDLwByNXtBS,
T9929,http://static.christanfergus.com/images/diecast/DSC01049.JPG,FIRE-EATER,4A,THRILL RACERS - RACEWAY,WHITE,2011,6/6/2015,,,,,PDigwodDLwByNXtBS,
T9895,http://static.christanfergus.com/images/diecast/DSC01051.JPG,MAD PROPZ,4A,THRILL RACERS - HIGHWAY,BLACK,2011,2/6/2015,,,,,PDigwodDLwByNXtBS,
W4241,http://static.christanfergus.com/images/diecast/DSC01053.JPG,FERRARI,M1,FERRARI 5-PACK,,2011,,,,,,PDigwodDLwByNXtBS,
CFH39,http://static.christanfergus.com/images/diecast/DSC01058.JPG,70 CHEVY CHEVELLE,2A,HW WORKSHOP 2015 - SPEED TEAM,NAVY,2015,,,,,,PDigwodDLwByNXtBS,
CFK90,http://static.christanfergus.com/images/diecast/DSC01060.JPG,BMW E36 M3 RACE,2A,HW RACE,BLUE,2015,,,,,,PDigwodDLwByNXtBS,
CFV19,http://static.christanfergus.com/images/diecast/DSC01062.JPG,VOLKSWAGEN CADDY,2A,HW OFF-ROAD,,2015,,,,,,PDigwodDLwByNXtBS,
CFH20,http://static.christanfergus.com/images/diecast/DSC01064.JPG,MCLAREN P1,2A,HW WORKSHOP,,2015,,,,,,PDigwodDLwByNXtBS,
BFC43,http://static.christanfergus.com/images/diecast/DSC01068.JPG,MAZDA RX-7,3A,HW CITY 2014 - NIGHT BURNERZ,,2014,1/10/2015,,,,,PDigwodDLwByNXtBS,
CFJ51,http://static.christanfergus.com/images/diecast/DSC01072.JPG,COCKNEY CAB II,2A,HW CITY 2015 - HW CITY WORKS,BLUE,2015,8/10/2015,,,,,PDigwodDLwByNXtBS,
BDD07,http://static.christanfergus.com/images/diecast/DSC01074.JPG,BMW E36 M3 RACE,3A,HW RACE 2014 - TRACK ACES,WHITE,2014,9/10/2015,,,,,PDigwodDLwByNXtBS,
CFK77,http://static.christanfergus.com/images/diecast/DSC01076.JPG,C6 CORVETTE,2A,HW RACE 2015 - HW RACE TEAM,BLUE,2015,6/10/2015,,,,,PDigwodDLwByNXtBS,
BDR44,http://static.christanfergus.com/images/diecast/DSC01078.JPG,HONDA S2000,3A,HOT WHEELS COOL CLASSICS,GOLD,2014,23/30,,,,,PDigwodDLwByNXtBS,
BDR45,http://static.christanfergus.com/images/diecast/DSC01080.JPG,FORD GT,3A,HOT WHEELS COOL CLASSICS,SILVER,2014,24/30,,,,,PDigwodDLwByNXtBS,
BDR46,http://static.christanfergus.com/images/diecast/DSC01082.JPG,65 VOLKSWAGEN FASTBACK,3A,HOT WHEELS COOL CLASSICS,RED,2014,25/30,,,,,PDigwodDLwByNXtBS,
CFH47,http://static.christanfergus.com/images/diecast/DSC01086.JPG,67 AUSTIN MINI VAN,2A,HW CITY - HW ART CARS,MAROON,2015,2/5/2015,,,,,PDigwodDLwByNXtBS,
BFF99,http://static.christanfergus.com/images/diecast/DSC01089.JPG,ASTON MARTIN 1963 DB5,3A,HW WORKSHOP - HW ALL STARS,SILVER,2014,10/10/2015,,TRUE,JAMES BOND 007 GOLDFINGER,,PDigwodDLwByNXtBS,
BDR43,http://static.christanfergus.com/images/diecast/DSC01126.JPG,84 HURST OLDS,3A,HOT WHEELS COOL CLASSICS,GOLD,2014,22/30,,,,,PDigwodDLwByNXtBS,
CFH86,http://static.christanfergus.com/images/diecast/DSC00557.JPG,PORSCHE 911 GT3 RS,2A,HW WORKSHOP,YELLOW,2015,,,,,,PDigwodDLwByNXtBS,
CFJ20,http://static.christanfergus.com/images/diecast/DSC00559.JPG,DATSUN 240Z,2A,HW WORKSHOP,BLACK,2015,,,,,,PDigwodDLwByNXtBS,
BFG32,http://static.christanfergus.com/images/diecast/DSC00561.JPG,LAND CRUSHER,3A,HW OFF-ROAD,ORANGE,2014,,,,,,PDigwodDLwByNXtBS,
BFF44,http://static.christanfergus.com/images/diecast/DSC00563.JPG,SUBARU IMPREZA WRX,3A,HW OFF-ROAD,BLUE,2014,,,TRUE,,,PDigwodDLwByNXtBS,
BFF81,http://static.christanfergus.com/images/diecast/DSC00565.JPG,MORRIS MINI,3A,HW WORKSHOP,GREEN,2014,,,,,,PDigwodDLwByNXtBS,
CFK35,http://static.christanfergus.com/images/diecast/DSC00567.JPG,MORRIS MINI,2A,HW OFF-ROAD 2015 - ROAD RALLY,ORANGE,2015,,,,,,PDigwodDLwByNXtBS,
CFH62,http://static.christanfergus.com/images/diecast/DSC00569.JPG,PORSCHE 934 TURBO RSR,2A,HW WORKSHOP,BLACK,2015,,,,,,PDigwodDLwByNXtBS,
CFJ67,http://static.christanfergus.com/images/diecast/DSC00571.JPG,PORSCHE 934 TURBO RSR,2A,HW WORKSHOP,BLUE,2015,,,,,,PDigwodDLwByNXtBS,
BFF04,http://static.christanfergus.com/images/diecast/DSC00573.JPG,NISSAN SKYLINE H/T 2000GT-X,3A,HW WORKSHOP,BLACK,2014,,,,,,PDigwodDLwByNXtBS,
CFJ22,http://static.christanfergus.com/images/diecast/DSC00575.JPG,ASTON MARTIN 1963 DB5,2A,HW WORKSHOP,RED,2015,,,,,,PDigwodDLwByNXtBS,
BFG36,http://static.christanfergus.com/images/diecast/DSC00577.JPG,MONSTER DAIRY DELIVERY,3A,HW OFF-ROAD,BLUE,2014,,,,,,PDigwodDLwByNXtBS,
X1811,http://static.christanfergus.com/images/diecast/DSC00579.JPG,67 CAMARO,3A,HW SHOWROOM,BLACK,2013,,,,,,PDigwodDLwByNXtBS,
BDT92,http://static.christanfergus.com/images/diecast/DSC00581.JPG,LOTUS ESPRIT SI,M1,JAMES BOND 007,WHITE,2013,,,,THE SPY WHO LOVED ME,,PDigwodDLwByNXtBS,8/23/2015
V5306,http://static.christanfergus.com/images/diecast/DSC00583.JPG,BMW Z4 M,3A,2012 NEW MODELS,WHITE,2012,18/50,,TRUE,,,PDigwodDLwByNXtBS,
BFC44,http://static.christanfergus.com/images/diecast/DSC00585.JPG,TOYOTA SUPRA,3A,HW CITY 2014 - NIGHT BURNERZ,BLUE,2014,2/10/2015,,TRUE,,,PDigwodDLwByNXtBS,
CFJ55,http://static.christanfergus.com/images/diecast/DSC00587.JPG,12 ACURA NSX CONCEPT,2A,HW WORKSHOP,BLUE,2015,,,,,,PDigwodDLwByNXtBS,
CFH91,http://static.christanfergus.com/images/diecast/DSC00589.JPG,MAZDA RX-7,2A,HW WORKSHOP,,2015,,,,,,PDigwodDLwByNXtBS,
BFC46,http://static.christanfergus.com/images/diecast/DSC00591.JPG,70 TOYOTA CELICA,3A,HW CITY,,2014,,,,,,PDigwodDLwByNXtBS,
CFJ25,http://static.christanfergus.com/images/diecast/DSC00593.JPG,NISSAN 370Z,2A,HW WORKSHOP,,2015,,,,,,PDigwodDLwByNXtBS,
CFG74,http://static.christanfergus.com/images/diecast/DSC00595.JPG,LOTUS ESPRIT SI,2A,HW WORKSHOP,,2015,,,,,,PDigwodDLwByNXtBS,
CFH32,http://static.christanfergus.com/images/diecast/DSC00597.JPG,COCKNEY CAB II,2A,HW CITY,,2015,,,,,,PDigwodDLwByNXtBS,
CFJ64,http://static.christanfergus.com/images/diecast/DSC00599.JPG,SRT VIPER GTS-R,2A,HW RACE,,2015,,,TRUE,,,PDigwodDLwByNXtBS,
BFG75,http://static.christanfergus.com/images/diecast/DSC00601.JPG,68 PLYMOUTH BARRACUDA FORMULA S,3A,HW WORKSHOP,,2014,,,,,,PDigwodDLwByNXtBS,
CFJ16,http://static.christanfergus.com/images/diecast/DSC00603.JPG,TOYOTA AE-86 COROLLA,2A,HW WORKSHOP,,2015,,,,,,PDigwodDLwByNXtBS,
BFG64,http://static.christanfergus.com/images/diecast/DSC00605.JPG,BMW E36 M3 RACE,3A,HW RACE,RED,2014,,,,,,PDigwodDLwByNXtBS,
V0033,http://static.christanfergus.com/images/diecast/DSC00607.JPG,FORD GT,4A,THRILL RACERS - RACEWAY '11,BLUE,2011,,,TRUE,,,PDigwodDLwByNXtBS,
V5578,http://static.christanfergus.com/images/diecast/DSC00609.JPG,DATSUN BLUEBIRD 510,3A,FASTER THAN EVER '12,GREY,2012,,,TRUE,,,PDigwodDLwByNXtBS,
CFH04,http://static.christanfergus.com/images/diecast/DSC00611.JPG,CORVETTE GRAND SPORT ROADSTER,2A,HW RACE,,2015,,,,,,PDigwodDLwByNXtBS,
BFF52,http://static.christanfergus.com/images/diecast/DSC00615.JPG,DATSUN 620,3A,HW OFF-ROAD,,2014,,,,,,PDigwodDLwByNXtBS,
V5500,http://static.christanfergus.com/images/diecast/DSC00617.JPG,2009 CORVETTE STINGRAY CONCEPT,3A,THRILL RACERS - CITY STUNT '12,BLACK,2012,,,,,,PDigwodDLwByNXtBS,
X1873,http://static.christanfergus.com/images/diecast/DSC00619.JPG,HONDA S2000,3A,HW CITY,RED,2013,,,TRUE,,,PDigwodDLwByNXtBS,
J3277,http://static.christanfergus.com/images/diecast/DSC00621.JPG,DATSUN 240Z,1A,,,2006,,,,,,PDigwodDLwByNXtBS,
X1990,http://static.christanfergus.com/images/diecast/DSC00623.JPG,LOTUS PROJECT M250,3A,HW SHOWROOM,ORANGE,2013,,,,,,PDigwodDLwByNXtBS,
BFF82,http://static.christanfergus.com/images/diecast/DSC00625.JPG,FIAT 500,3A,HW CITY,,2014,,,,,,PDigwodDLwByNXtBS,
CFJ03,http://static.christanfergus.com/images/diecast/DSC00627.JPG,14 CORVETTE STINGRAY,2A,HW WORKSHOP,,2015,,,,,,PDigwodDLwByNXtBS,
X1953,http://static.christanfergus.com/images/diecast/DSC00629.JPG,BMW 2002,3A,HW SHOWROOM,BLUE,2013,,,,,,PDigwodDLwByNXtBS,
X2031,http://static.christanfergus.com/images/diecast/DSC00631.JPG,92 BMW M3,3A,HW SHOWROOM,BLUE,2013,,,,,,PDigwodDLwByNXtBS,
X1998,http://static.christanfergus.com/images/diecast/DSC00633.JPG,65 MUSTANG 2+2 FASTBACK,3A,HW SHOWROOM,BLUE,2013,,,,,,PDigwodDLwByNXtBS,
X2001,http://static.christanfergus.com/images/diecast/DSC00635.JPG,64 CHEVY NOVA STATION WAGON,3A,HW SHOWROOM,MAROON,2013,,,,,,PDigwodDLwByNXtBS,
BFF91,http://static.christanfergus.com/images/diecast/DSC00637.JPG,LAFERRARI,3A,HW CITY,,2014,,,,,,PDigwodDLwByNXtBS,
BFF97,http://static.christanfergus.com/images/diecast/DSC00639.JPG,PAGANI HUAYRA,3A,HW WORKSHOP,,2014,,,,,,PDigwodDLwByNXtBS,
X1640,http://static.christanfergus.com/images/diecast/DSC00641.JPG,12 ACURA NSX CONCEPT,3A,HW SHOWROOM,SILVER,2013,,,,possible defect passenger fender,,PDigwodDLwByNXtBS,
Y2151,http://static.christanfergus.com/images/diecast/DSC00643.JPG,64 BUICK RIVIERA,3A,SUPERMAN,,2014,1/6/2015,,,,,PDigwodDLwByNXtBS,
Y2152,http://static.christanfergus.com/images/diecast/DSC00645.JPG,65 PONTIAC GTO,3A,SUPERMAN,,2014,2/6/2015,,,,,PDigwodDLwByNXtBS,
Y2154,http://static.christanfergus.com/images/diecast/DSC00647.JPG,CUSTOM '11 CAMARO,3A,SUPERMAN,,2014,3/6/2015,,,,,PDigwodDLwByNXtBS,
Y2155,http://static.christanfergus.com/images/diecast/DSC00649.JPG,8 CRATE,3A,SUPERMAN,,2014,4/6/2015,,,,,PDigwodDLwByNXtBS,
Y2153,http://static.christanfergus.com/images/diecast/DSC00651.JPG,05 FORD MUSTANG GT,3A,SUPERMAN,,2014,5/6/2015,,,,,PDigwodDLwByNXtBS,
Y2156,http://static.christanfergus.com/images/diecast/DSC00653.JPG,JADED,3A,SUPERMAN,,2014,6/6/2015,,,,,PDigwodDLwByNXtBS,
X8350,http://static.christanfergus.com/images/diecast/DSC00655.JPG,34 FORD SEDAN DELIVERY,M1,THE MUPPETS,,2012,,,,,,PDigwodDLwByNXtBS,
X8322,http://static.christanfergus.com/images/diecast/DSC00657.JPG,SUPER VAN,M1,THE MUPPETS,,2012,,,,,,PDigwodDLwByNXtBS,
X8318,http://static.christanfergus.com/images/diecast/DSC00659.JPG,59 CHEVY DELIVERY,M1,THE MUPPETS,,2012,,,,,,PDigwodDLwByNXtBS,
X8321,http://static.christanfergus.com/images/diecast/DSC00661.JPG,BAJA BREAKER,M1,THE MUPPETS,,2012,,,,,,PDigwodDLwByNXtBS,
X8323,http://static.christanfergus.com/images/diecast/DSC00663.JPG,MIDNIGHT OTTO,M1,THE MUPPETS,,2012,,,,,,PDigwodDLwByNXtBS,
X8311,http://static.christanfergus.com/images/diecast/DSC00665.JPG,DAIRY DELIVERY,M1,THE MUPPETS,,2012,,,,,,PDigwodDLwByNXtBS,
18545,http://static.christanfergus.com/images/diecast/DSC00667.JPG,PANOZ GTR-1,1A,1998 FIRST EDITIONS,WHITE,1998,19/40,657,TRUE,,,PDigwodDLwByNXtBS,
BGJ68,http://static.christanfergus.com/images/diecast/DSC00669.JPG,2008 TESLA ROADSTER,3A,HW SHOWROOM,CHARCOAL,2013,6/6/2015,,TRUE,Scavenger hunt,,PDigwodDLwByNXtBS,
X1639,http://static.christanfergus.com/images/diecast/DSC00671.JPG,12 MINI COUNTRYMAN RALLY,3A,HW STUNT,GREEN,2013,,,,,,PDigwodDLwByNXtBS,
X1844,http://static.christanfergus.com/images/diecast/DSC00673.JPG,TOYOTA 2000 GT,3A,HW SHOWROOM,RED,2013,,,,,,PDigwodDLwByNXtBS,
X1862,http://static.christanfergus.com/images/diecast/DSC00675.JPG,70 TOYOTA CELICA,3A,HW CITY,YELLOW,2013,,,,,,PDigwodDLwByNXtBS,
V5432,http://static.christanfergus.com/images/diecast/DSC00677.JPG,09 FORD FOCUS RS,3A,HW ALL STARS,RED,2012,9/10/2015,,,,,PDigwodDLwByNXtBS,
V5626,http://static.christanfergus.com/images/diecast/DSC00679.JPG,SUBARU WRX STI,3A,2012 NEW MODELS,MAROON,2012,33/50,,,,,PDigwodDLwByNXtBS,
V5569,http://static.christanfergus.com/images/diecast/DSC00683.JPG,FORD FALCON RACE CAR,3A,2012 NEW MODELS,WHITE,2012,4/50,,,,,PDigwodDLwByNXtBS,
X1733,http://static.christanfergus.com/images/diecast/DSC00685.JPG,SUBARU WRX STI,3A,HW CITY,WHITE,2013,,,,,,PDigwodDLwByNXtBS,
X1786,http://static.christanfergus.com/images/diecast/DSC00687.JPG,NISSAN SKYLINE GT-R (R34),3A,HW SHOWROOM,RED,2013,,,TRUE,,,PDigwodDLwByNXtBS,
X1615,http://static.christanfergus.com/images/diecast/DSC00689.JPG,PORSCHE 918 SPYDER,3A,HW SHOWROOM,SILVER,2013,,,,,,PDigwodDLwByNXtBS,
X1664,http://static.christanfergus.com/images/diecast/DSC00691.JPG,PORSCHE CARRERA GT,3A,HW CITY,RED,2013,,,TRUE,,,PDigwodDLwByNXtBS,
X1731,http://static.christanfergus.com/images/diecast/DSC00693.JPG,CITROEN C4 RALLY,3A,HW STUNT,YELLOW,2013,,,,,,PDigwodDLwByNXtBS,
X1782,http://static.christanfergus.com/images/diecast/DSC00695.JPG,BMW 2002,3A,HW SHOWROOM,GREEN,2013,,,,,,PDigwodDLwByNXtBS,
X5953,http://static.christanfergus.com/images/diecast/DSC00697.JPG,CAMARO Z28,4A,4TH OF JULY,BLUE,2012,1/5/2015,,,,,PDigwodDLwByNXtBS,
X5954,http://static.christanfergus.com/images/diecast/DSC00699.JPG,TRACK T,4A,4TH OF JULY,GOLD,2012,2/5/2015,,,,,PDigwodDLwByNXtBS,
X5955,http://static.christanfergus.com/images/diecast/DSC00701.JPG,RODGER DODGER,4A,4TH OF JULY,RED,2012,3/5/2015,,,,,PDigwodDLwByNXtBS,
X5956,http://static.christanfergus.com/images/diecast/DSC00703.JPG,CUSTOM '62 CHEVY,4A,4TH OF JULY,BLUE,2012,4/5/2015,,,,,PDigwodDLwByNXtBS,
X5957,http://static.christanfergus.com/images/diecast/DSC00705.JPG,64 LINCOLN CONTINENTAL,4A,4TH OF JULY,RED,2012,5/5/2015,,,,,PDigwodDLwByNXtBS,
V4428,http://static.christanfergus.com/images/diecast/DSC00707.JPG,HOT BIRD,4A,CARS OF THE DECADES,SILVER,2011,18/32,,,,,PDigwodDLwByNXtBS,
W5150,http://static.christanfergus.com/images/diecast/DSC00709.JPG,SURFIN' SCHOOL BUS,M1,HANNA-BARBERA PRESENTS,,,,,,THE JETSONS,,PDigwodDLwByNXtBS,
16671,http://static.christanfergus.com/images/diecast/DSC00711.JPG,BMW M ROADSTER,1A,1997 FIRST EDITIONS,SILVER,1997,6/12/2015,518,,,,PDigwodDLwByNXtBS,
R0947,http://static.christanfergus.com/images/diecast/DSC00713.JPG,62 FORD MUSTANG CONCEPT,3A,2010 NEW MODELS,RED,2010,28/44,,,,,PDigwodDLwByNXtBS,
X1632,http://static.christanfergus.com/images/diecast/DSC00715.JPG,70 TOYOTA CELICA,3A,HW CITY,GREEN,2013,,,,,,PDigwodDLwByNXtBS,
52941,http://static.christanfergus.com/images/diecast/DSC00717.JPG,MOTO-CROSSED,1A,FIRST EDITION,RED,2002,,,,,,PDigwodDLwByNXtBS,
14913,http://static.christanfergus.com/images/diecast/DSC00719.JPG,STREET CLEAVER,1A,1996 FIRST EDITIONS,,1996,4/12/2015,373,,,,PDigwodDLwByNXtBS,
18802,http://static.christanfergus.com/images/diecast/DSC00728.JPG,SCHOOL BUS,1A,MIXED SIGNALS SERIES,YELLOW,1998,4/4/2015,736,,,,PDigwodDLwByNXtBS,
16915,http://static.christanfergus.com/images/diecast/DSC00730.JPG,MONEYED MADNESS,1A,BIFF! BAM! BOOM! SERIES,BLUE,1997,2/4/2015,542,,,,PDigwodDLwByNXtBS,
16942,http://static.christanfergus.com/images/diecast/DSC00732.JPG,TWANG THANG,1A,ROCKIN' RODS SERIES,BURGANDY,1997,1/4/2015,569,,,,PDigwodDLwByNXtBS,
16943,http://static.christanfergus.com/images/diecast/DSC00734.JPG,FERRARI 355,1A,ROCKIN' RODS SERIES,BLACK,1997,2/4/2015,570,,,,PDigwodDLwByNXtBS,
16944,http://static.christanfergus.com/images/diecast/DSC00736.JPG,TURBO FLAME,1A,ROCKIN' RODS SERIES,PURPLE,1997,3/4/2015,571,,,,PDigwodDLwByNXtBS,
16945,http://static.christanfergus.com/images/diecast/DSC00738.JPG,PORSCHE 930,1A,ROCKIN' RODS SERIES,GREEN,1997,4/4/2015,572,,,,PDigwodDLwByNXtBS,
16938,http://static.christanfergus.com/images/diecast/DSC00740.JPG,SILHOUETTE II,1A,DEALER'S CHOICE SERIES,BLUE,1997,1/4/2015,565,,,,PDigwodDLwByNXtBS,
16939,http://static.christanfergus.com/images/diecast/DSC00744.JPG,STREET BEAST,1A,DEALER'S CHOICE SERIES,WHITE,1997,2/4/2015,566,,,,PDigwodDLwByNXtBS,
16940,http://static.christanfergus.com/images/diecast/DSC00746.JPG,BAJA BUG,1A,DEALER'S CHOICE SERIES,MAROON,1997,3/4/2015,567,,,,PDigwodDLwByNXtBS,
16941,http://static.christanfergus.com/images/diecast/DSC00748.JPG,63 CORVETTE,1A,DEALER'S CHOICE SERIES,BLACK,1997,4/4/2015,568,,,,PDigwodDLwByNXtBS,
18795,http://static.christanfergus.com/images/diecast/DSC00750.JPG,ALIEN,1A,ARTISTIC LICENSE SERIES,WHITE,1998,1/4/2015,729,,,,PDigwodDLwByNXtBS,
18796,http://static.christanfergus.com/images/diecast/DSC00752.JPG,57 CHEVY,1A,ARTISTIC LICENSE SERIES,GREY,1998,2/4/2015,730,,,,PDigwodDLwByNXtBS,
18797,http://static.christanfergus.com/images/diecast/DSC00754.JPG,VW BUG,1A,ARTISTIC LICENSE SERIES,WHITE,1998,3/4/2015,731,,,,PDigwodDLwByNXtBS,
18798,http://static.christanfergus.com/images/diecast/DSC00756.JPG,1970 PLYMOUTH BARRACUDA,1A,ARTISTIC LICENSE SERIES,BLACK,1998,4/4/2015,732,,,,PDigwodDLwByNXtBS,
14914-0910G1,http://static.christanfergus.com/images/diecast/DSC00758.JPG,RADIO FLYER WAGON,1A,1996 FIRST EDITIONS,,1996,9/12/2015,374,,POSSIBLE DEFECT-MADE IN CHINA,,PDigwodDLwByNXtBS,
14914-0918,http://static.christanfergus.com/images/diecast/DSC00760.JPG,RADIO FLYER WAGON,1A,1996 FIRST EDITIONS,,1996,9/12/2015,374,,,,PDigwodDLwByNXtBS,
14916,http://static.christanfergus.com/images/diecast/DSC00762.JPG,TWANG THANG,1A,1996 FIRST EDITIONS,,1996,11/12/2015,376,,,,PDigwodDLwByNXtBS,
14910,http://static.christanfergus.com/images/diecast/DSC00764.JPG,RAIL RODDER,1A,1996 FIRST EDITIONS,,1996,5/12/2015,370,,,,PDigwodDLwByNXtBS,
14915,http://static.christanfergus.com/images/diecast/DSC00766.JPG,DOGFIGHTER,1A,1996 FIRST EDITIONS,,1996,10/12/2015,375,,,,PDigwodDLwByNXtBS,
14907,http://static.christanfergus.com/images/diecast/DSC00768.JPG,CHEVY 1500,1A,1996 FIRST EDITIONS,,1996,2/12/2015,367,,,,PDigwodDLwByNXtBS,
14917,http://static.christanfergus.com/images/diecast/DSC00770.JPG,FERRARI F50,1A,1996 FIRST EDITIONS,RED,1996,12/12/2015,377,,,,PDigwodDLwByNXtBS,
14908,http://static.christanfergus.com/images/diecast/DSC00772.JPG,1970 DODGE CHARGER DAYTONA,1A,1996 FIRST EDITIONS,,1996,3/12/2015,382,,,,PDigwodDLwByNXtBS,
14909,http://static.christanfergus.com/images/diecast/DSC00774.JPG,SIZZLERS,1A,1996 FIRST EDITIONS,,1996,8/12/2015,369,,,,PDigwodDLwByNXtBS,
14911,http://static.christanfergus.com/images/diecast/DSC00776.JPG,ROAD ROCKET,1A,1996 FIRST EDITIONS,,1996,7/12/2015,371,,,,PDigwodDLwByNXtBS,
21075,http://static.christanfergus.com/images/diecast/DSC00778.JPG,CHRYSLER PRONTO,1A,1999 FIRST EDITIONS,,1999,23/26,928,,,,PDigwodDLwByNXtBS,
21074,http://static.christanfergus.com/images/diecast/DSC00780.JPG,56 FORD TRUCK,1A,1999 FIRST EDITIONS,,1999,22/26,927,,,,PDigwodDLwByNXtBS,
16662,http://static.christanfergus.com/images/diecast/DSC00782.JPG,FIREBIRD FUNNY CAR,1A,1997 FIRST EDITIONS,,1997,1/12/2015,509,,,,PDigwodDLwByNXtBS,
16666,http://static.christanfergus.com/images/diecast/DSC00784.JPG,FORD F-150,1A,1997 FIRST EDITIONS,,1997,2/12/2015,513,,,,PDigwodDLwByNXtBS,
16673,http://static.christanfergus.com/images/diecast/DSC00786.JPG,SALTFLAT RACER,1A,1997 FIRST EDITIONS,,1997,4/12/2015,520,,,,PDigwodDLwByNXtBS,
16670,http://static.christanfergus.com/images/diecast/DSC00788.JPG,59 CHEVY IMPALA,1A,1997 FIRST EDITIONS,,1997,5/12/2015,517,,,,PDigwodDLwByNXtBS,
16667,http://static.christanfergus.com/images/diecast/DSC00790.JPG,WAY 2 FAST,1A,1997 FIRST EDITIONS,,1997,7/12/2015,514,,,,PDigwodDLwByNXtBS,
16669,http://static.christanfergus.com/images/diecast/DSC00792.JPG,MERCEDES C-CLASS,1A,1997 FIRST EDITIONS,,1997,10/12/2015,516,,,,PDigwodDLwByNXtBS,
16668,http://static.christanfergus.com/images/diecast/DSC00794.JPG,97 CORVETTE,1A,1997 FIRST EDITIONS,,1997,11/12/2015,515,,,,PDigwodDLwByNXtBS,
18535,http://static.christanfergus.com/images/diecast/DSC00796.JPG,70 ROADRUNNER,1A,1998 FIRST EDITIONS,,1998,17/40,661,,,,PDigwodDLwByNXtBS,
18674,http://static.christanfergus.com/images/diecast/DSC00798.JPG,40 FORD,1A,1998 FIRST EDITIONS,,1998,20/40,654,,,,PDigwodDLwByNXtBS,
18531,http://static.christanfergus.com/images/diecast/DSC00800.JPG,CHAPARRAL 2,1A,1998 FIRST EDITIONS,WHITE,1998,28/40,669,TRUE,,,PDigwodDLwByNXtBS,
18850,http://static.christanfergus.com/images/diecast/DSC00802.JPG,FORD GT-90,1A,1998 FIRST EDITIONS,,1998,14/40,668,,,,PDigwodDLwByNXtBS,
18530,http://static.christanfergus.com/images/diecast/DSC00804.JPG,MERCEDES SLK,1A,1998 FIRST EDITIONS,,1998,11/40,646,,,,PDigwodDLwByNXtBS,
18856,http://static.christanfergus.com/images/diecast/DSC00806.JPG,WHATTA DRAG,1A,1998 FIRST EDITIONS,,1998,36/40,673,,,,PDigwodDLwByNXtBS,
18842,http://static.christanfergus.com/images/diecast/DSC00808.JPG,SOLAR EAGLE III,1A,1998 FIRST EDITIONS,,1998,23/40,650,,,,PDigwodDLwByNXtBS,
18587,http://static.christanfergus.com/images/diecast/DSC00810.JPG,32 FORD,1A,1998 FIRST EDITIONS,,1998,7/40,636,,,,PDigwodDLwByNXtBS,
18840,http://static.christanfergus.com/images/diecast/DSC00812.JPG,SUPER COMP DRAGSTER,1A,1998 FIRST EDITIONS,,1998,22/40,655,,,,PDigwodDLwByNXtBS,
18544,http://static.christanfergus.com/images/diecast/DSC00814.JPG,IROC FIREBIRD,1A,1998 FIRST EDITIONS,,1998,16/40,653,,,,PDigwodDLwByNXtBS,
18678,http://static.christanfergus.com/images/diecast/DSC00816.JPG,HOT SEAT,1A,1998 FIRST EDITIONS,,1998,13/40,648,,,,PDigwodDLwByNXtBS,
18536,http://static.christanfergus.com/images/diecast/DSC00818.JPG,CALLWAY C-7,1A,1998 FIRST EDITIONS,,1998,31/40,677,,,,PDigwodDLwByNXtBS,
18542,http://static.christanfergus.com/images/diecast/DSC00820.JPG,MUSTANG COBRA,1A,1998 FIRST EDITIONS,,1998,18/40,665,,,,PDigwodDLwByNXtBS,
18540,http://static.christanfergus.com/images/diecast/DSC00822.JPG,LAKESTER,1A,1998 FIRST EDITIONS,,1998,12/40,647,,,,PDigwodDLwByNXtBS,
18841,http://static.christanfergus.com/images/diecast/DSC00824.JPG,TOW JAM,1A,1998 FIRST EDITIONS,,1998,25/40,658,,,,PDigwodDLwByNXtBS,
18843,http://static.christanfergus.com/images/diecast/DSC00826.JPG,AT-A-TUDE,1A,1998 FIRST EDITIONS,,1998,34/40,667,,,,PDigwodDLwByNXtBS,
18847,http://static.christanfergus.com/images/diecast/DSC00828.JPG,BAD MUDDER,1A,1998 FIRST EDITIONS,,1998,33/40,662,,,,PDigwodDLwByNXtBS,
T9857,http://static.christanfergus.com/images/diecast/DSC00830.JPG,VOLKSWAGEN TYPE 181,4A,FASTER THAN EVER '11,GREEN,2001,10/10/2015,,,,,PDigwodDLwByNXtBS,
P2432,http://static.christanfergus.com/images/diecast/DSC00832.JPG,COCKNEY CAB II,3A,HW CITY WORKS,BLACK,2010,6/10/2015,,,,,PDigwodDLwByNXtBS,
G6828,http://static.christanfergus.com/images/diecast/DSC00834.JPG,1971 PLYMOUTH GTX,1A,MUSCLE MANIA,YELLOW,2005,1/5/2015,101,,,,PDigwodDLwByNXtBS,
57233,http://static.christanfergus.com/images/diecast/DSC00836.JPG,CRAZED CLOWNS,1A,,RED,2003,2/5/2015,,,,,PDigwodDLwByNXtBS,
27068,http://static.christanfergus.com/images/diecast/DSC00838.JPG,HOT SEAT,1A,VIRTUAL COLLECTION,,2000,,,,,,PDigwodDLwByNXtBS,
15218,http://static.christanfergus.com/images/diecast/DSC00840.JPG,DODGE RAM 1500 (1995),1A,RACE TRUCK SERIES,SILVER,1996,1/4/2015,380,,,,PDigwodDLwByNXtBS,
G6734,http://static.christanfergus.com/images/diecast/DSC00842.JPG,PROTOTIPO ALFA ROMEO B.A.T.9,1A,2005 FIRST EDITIONS,SILVER,2005,19/20,19,,,,PDigwodDLwByNXtBS,
V5218,http://static.christanfergus.com/images/diecast/DSC00844.JPG,68 EL CAMINO,4A,MUSCLE MANIA,PURPLE,2011,4/10/2015,,,,,PDigwodDLwByNXtBS,
V0020,http://static.christanfergus.com/images/diecast/DSC00846.JPG,OFF TRACK,4A,THRILL RACERS- DESERT,YELLOW,2011,1/6/2015,,,,,PDigwodDLwByNXtBS,
T9703,http://static.christanfergus.com/images/diecast/DSC00848.JPG,NISSAN SKYLINE H/T 2000GT-X,4A,2011 NEW MODELS,WHITE,2011,33/50,,,,,PDigwodDLwByNXtBS,
V5293,http://static.christanfergus.com/images/diecast/DSC00850.JPG,BMW M3 GT2,3A,2012 NEW MODELS,WHITE,2012,5/50,,TRUE,,,PDigwodDLwByNXtBS,
R7523,http://static.christanfergus.com/images/diecast/DSC00852.JPG,VOLKWAGEN GOLF GTI,3A,NIGHTBURNERZ,GREEN,2010,10/10/2015,,,,,PDigwodDLwByNXtBS,
V0044,http://static.christanfergus.com/images/diecast/DSC00854.JPG,LAMBORGHINI GALLARDO LP 570-4 SUPERLEGGERA,4A,2011 NEW MODELS,WHITE,2011,9/50,,,,,PDigwodDLwByNXtBS,
T9973,http://static.christanfergus.com/images/diecast/DSC00856.JPG,69 SHELBY GT-500,4A,2011 NEW MODELS,BLUE,2011,21/50,,,,,PDigwodDLwByNXtBS,
V5488,http://static.christanfergus.com/images/diecast/DSC00858.JPG,FLIGHT '03,3A,THRILL RACERS- RACE COURSE '12,MAROON,2012,4/5/2015,,,,,PDigwodDLwByNXtBS,
W1551,http://static.christanfergus.com/images/diecast/DSC00860.JPG,PACKIN' PACER,4A,THE HOT ONES,WHITE,2011,,,,,,PDigwodDLwByNXtBS,
T9784,http://static.christanfergus.com/images/diecast/DSC00862.JPG,AMAZOOM,4A,HW VIDEO GAME HEROES '11,GREY,2011,19/22,,,,,PDigwodDLwByNXtBS,
V0003,http://static.christanfergus.com/images/diecast/DSC00864.JPG,71 MAVERICK GRABBER,4A,STREET BEASTS '11,RED,2011,1/10/2015,,,,,PDigwodDLwByNXtBS,
T9840,http://static.christanfergus.com/images/diecast/DSC00866.JPG,TOYOTA LAND CRUISER FJ40,4A,HW PERFORMANCE '11,WHITE,2011,3/10/2015,,TRUE,,,PDigwodDLwByNXtBS,
T9926,http://static.christanfergus.com/images/diecast/DSC00868.JPG,FORD GT,4A,THRILL RACERS- RACEWAY,ORANGE,2011,3/6/2015,,TRUE,,,PDigwodDLwByNXtBS,
V0029,http://static.christanfergus.com/images/diecast/DSC00870.JPG,FORD ANGLIA PANEL TRUCK,4A,HW PERFORMANCE '11,BLUE,2011,8/10/2015,,TRUE,,,PDigwodDLwByNXtBS,
T9755,http://static.christanfergus.com/images/diecast/DSC00872.JPG,TRIUMPH TR6,4A,TRACK STARS '11,YELLOW,2011,5/15/2015,,,,,PDigwodDLwByNXtBS,
V5399,http://static.christanfergus.com/images/diecast/DSC00874.JPG,ASTON MARTIN DBS,3A,FASTER THAN EVER,BURGANDY,2012,9/10/2015,,,,,PDigwodDLwByNXtBS,
V0023,http://static.christanfergus.com/images/diecast/DSC00876.JPG,MINI CHALLENGE,4A,2011 NEW MODELS,BLUE,2011,30/50,,,,,PDigwodDLwByNXtBS,
V5426,http://static.christanfergus.com/images/diecast/DSC00878.JPG,ASTON MARTIN ONE-77,3A,HW ALL STARS,WHITE,2012,3/10/2015,,,,,PDigwodDLwByNXtBS,
T9956,http://static.christanfergus.com/images/diecast/DSC00880.JPG,MEGANE TROPHY,4A,2011 NEW MODELS,BLACK,2011,16/50,,,,,PDigwodDLwByNXtBS,
R7554,http://static.christanfergus.com/images/diecast/DSC00882.JPG,CUSTOM V-8 VEGA,3A,FASTER THAN EVER '10,WHITE,2010,1/10/2015,,,,,PDigwodDLwByNXtBS,
T9696,http://static.christanfergus.com/images/diecast/DSC00884.JPG,10 BMW M3,4A,2011 NEW MODELS,WHITE,2011,26/50,,,,,PDigwodDLwByNXtBS,
W1541,http://static.christanfergus.com/images/diecast/DSC00886.JPG,84 PONTIAC FIERO 2M4,4A,THE HOT ONES,RED,2011,,,,,,PDigwodDLwByNXtBS,
T9760,http://static.christanfergus.com/images/diecast/DSC00888.JPG,MORRIS MINI,4A,TRACK STARS,BLUE,2011,10/15/2015,,,,,PDigwodDLwByNXtBS,
V5210,http://static.christanfergus.com/images/diecast/DSC00890.JPG,TOYOTA LAND CRUISER FJ40,4A,HW PERFORMANCE '11,GREY,2011,3/10/2015,,TRUE,,,PDigwodDLwByNXtBS,
T9710,http://static.christanfergus.com/images/diecast/DSC00892.JPG,11 KEN BLOCK FORD FIESTA,4A,2011 NEW MODELS,BLACK,2011,40/50,,,,,PDigwodDLwByNXtBS,
V5493,http://static.christanfergus.com/images/diecast/DSC00894.JPG,MITSUBISHI PAJERO,3A,THRILL RACERS- SWAMP RALLY '12,GREEN,2012,4/5/2015,,,,,PDigwodDLwByNXtBS,
T9715,http://static.christanfergus.com/images/diecast/DSC00896.JPG,FERRARI FF,4A,2011 NEW MODELS,RED,2011,45/50,,,,,PDigwodDLwByNXtBS,
T9911,http://static.christanfergus.com/images/diecast/DSC00898.JPG,SUBARU IMPREZA,4A,THRILL RACERS- VOLCANO '11,YELLOW,2011,6/6/2015,,,,,PDigwodDLwByNXtBS,
V5565,http://static.christanfergus.com/images/diecast/DSC00900.JPG,FORD GTX1,3A,FASTER THAN EVER '12,RED,2012,8/10/2015,,,,,PDigwodDLwByNXtBS,
R7474,http://static.christanfergus.com/images/diecast/DSC00902.JPG,PURPLE PASSION,3A,MYSTERY,PINK,2010,1/24/2015,,,I OPENED IT. SAD DAY.,,PDigwodDLwByNXtBS,
V5557,http://static.christanfergus.com/images/diecast/DSC00904.JPG,63 STUDEBAKER CHAMP,4A,2011 NEW MODELS,YELLOW,2011,29/50,,TRUE,,,PDigwodDLwByNXtBS,
V5211,http://static.christanfergus.com/images/diecast/DSC00908.JPG,VOLKSWAGEN TYPE 181,4A,FASTER THAN EVER '11,RUST,2011,10/10/2015,,,,,PDigwodDLwByNXtBS,
T9972,http://static.christanfergus.com/images/diecast/DSC00910.JPG,HONDA S2000,4A,2011 NEW MODELS,GREY,2011,20/50,,TRUE,,,PDigwodDLwByNXtBS,
T9893,http://static.christanfergus.com/images/diecast/DSC00912.JPG,POWER PANEL,4A,THRILL RACERS- DESERT '11,COPPER,2011,6/6/2015,,,,,PDigwodDLwByNXtBS,
T9701,http://static.christanfergus.com/images/diecast/DSC00914.JPG,ASTON MARTIN ONE-77,4A,2011 NEW MODELS,GREY,2011,31/50,,,,,PDigwodDLwByNXtBS,
K6138,http://static.christanfergus.com/images/diecast/DSC00916.JPG,SHELBY COBRA DAYTONA COUPE,1A,2007 NEW MODELS,SILVER,2007,6/36,,,,,PDigwodDLwByNXtBS,
T9718,http://static.christanfergus.com/images/diecast/DSC00918.JPG,LAMBORGHINI ESTOQUE,4A,2011 NEW MODELS,GREY,2011,48/50,,,,,PDigwodDLwByNXtBS,
V0034,http://static.christanfergus.com/images/diecast/DSC00920.JPG,VOLKSWAGEN BRASILIA,4A,2011 NEW MODELS,GREEN,2011,8/50,,,,,PDigwodDLwByNXtBS,
T9982,http://static.christanfergus.com/images/diecast/DSC00922.JPG,68 COPO CAMARO,4A,2011 NEW MODELS,MAROON,2011,25/50,,,,,PDigwodDLwByNXtBS,
53729,http://static.christanfergus.com/images/diecast/DSC00924.JPG,FERRARI 308,1A,,SILVER,2001,,190,,,,PDigwodDLwByNXtBS,
G6723,http://static.christanfergus.com/images/diecast/DSC00926.JPG,BLOCK 'O WOOD,1A,2005 FIRST EDITIONS - BLINGS,WOOD/BURGANDY,2005,8/10/2015,38,,,,PDigwodDLwByNXtBS,
B3566,http://static.christanfergus.com/images/diecast/DSC00928.JPG,DAIRY DELIVERY,1A,2004 FIRST EDITIONS - BLINGS,WHITE,2004,12/100,12,,,,PDigwodDLwByNXtBS,
T9866,http://static.christanfergus.com/images/diecast/DSC00930.JPG,92 FORD MUSTANG,4A,HW RACING '11,BLUE,2011,9/10/2015,,,,,PDigwodDLwByNXtBS,
X0092,http://static.christanfergus.com/images/diecast/DSC00932.JPG,NISSAN SKYLINE H/T 2000GT-R,4A,2011 NEW MODELS,WHITE,2011,22/50,,,,,PDigwodDLwByNXtBS,
V5309,http://static.christanfergus.com/images/diecast/DSC00934.JPG,BMW 2002,3A,2012 NEW MODELS,ORANGE,2012,21/247,,TRUE,,,PDigwodDLwByNXtBS,
V5324,http://static.christanfergus.com/images/diecast/DSC00936.JPG,BENTLEY CONTINENTAL SUERSPORTS,3A,2012 NEW MODELS,WHITE,2012,36/247,,,,,PDigwodDLwByNXtBS,
V5613,http://static.christanfergus.com/images/diecast/DSC00938.JPG,BMW Z4 M,3A,2012 NEW MODELS,BLACK,2012,18/247,,TRUE,,,PDigwodDLwByNXtBS,
R7556,http://static.christanfergus.com/images/diecast/DSC00940.JPG,TRIUMPH TR6,3A,FASTER THAN EVER '10,BURGANDY,2010,131/240,,,,,PDigwodDLwByNXtBS,
T9859,http://static.christanfergus.com/images/diecast/DSC00942.JPG,47 WILLYS,4A,HW RACING,BLUE,2011,2/10/2015,,,,,PDigwodDLwByNXtBS,
G6835,http://static.christanfergus.com/images/diecast/DSC00944.JPG,WHIP CREAMER II,1A,WHITE HEAT,WHITE,2005,3/5/2015,108,,,,PDigwodDLwByNXtBS,
T9892,http://static.christanfergus.com/images/diecast/DSC00946.JPG,OLDS 442 W-30,4A,THRILL RACERS - DESERT,BURGANDY,2011,5/6/2015,,,,,PDigwodDLwByNXtBS,
V5398,http://static.christanfergus.com/images/diecast/DSC00948.JPG,DATSUN BLUEBIRD 510,3A,FASTER THAN EVER '12,RED,2012,2/10/2015,,,,,PDigwodDLwByNXtBS,
V5459,http://static.christanfergus.com/images/diecast/DSC00950.JPG,VOLKSWAGEN BRASILIA,3A,HEAT FLEET '12,BURGANDY,2012,5/10/2015,,,,,PDigwodDLwByNXtBS,
R7551,http://static.christanfergus.com/images/diecast/DSC00952.JPG,VOLKSWAGEN SP2,3A,ALL STARS '10,ORANGE,2010,8/10/2015,,,,,PDigwodDLwByNXtBS,
V0047,http://static.christanfergus.com/images/diecast/DSC00954.JPG,ASTRO FUNK,4A,2011 NEW MODELS,GREEN,2011,27/50,,,,,PDigwodDLwByNXtBS,
T9825,http://static.christanfergus.com/images/diecast/DSC00956.JPG,LAMBORGHINI REVENTON,4A,NIGHTBURNERZ '11,YELLOW,2011,8/10/2015,,,,,PDigwodDLwByNXtBS,
T9849,http://static.christanfergus.com/images/diecast/DSC00958.JPG,AMC JAVELIN AMX,4A,FASTER THAN EVER '11,BROWN,2011,2/10/2015,,,,,PDigwodDLwByNXtBS,
V5224,http://static.christanfergus.com/images/diecast/DSC00960.JPG,AMC GREASED GREMLIN,4A,HW PERFORMANCE '11,BLACK,2011,7/10/2015,,TRUE,,,PDigwodDLwByNXtBS,
K7639,http://static.christanfergus.com/images/diecast/DSC00964.JPG,AUDACIOUS,1A,CODE CAR,BLACK,2007,4/24/2015,,,,,PDigwodDLwByNXtBS,
T9688,http://static.christanfergus.com/images/diecast/DSC00966.JPG,BACK TO THE FUTURE TIME MACHINE,4A,2011 NEW MODELS,GREY,2011,18/50,,TRUE,,,PDigwodDLwByNXtBS,
T9848,http://static.christanfergus.com/images/diecast/DSC00968.JPG,81 DELOREAN DMC-12,4A,FASTER THAN EVER,GREY,2011,1/10/2015,,,,,PDigwodDLwByNXtBS,
V5396,http://static.christanfergus.com/images/diecast/DSC00970.JPG,FORD GTX1,3A,FASTER THAN EVER '12,WHITE,2012,8/10/2015,,,,,PDigwodDLwByNXtBS,
T9942,http://static.christanfergus.com/images/diecast/DSC00972.JPG,66 CHEVY NOVA,4A,HW RACING '11,WHITE,2011,4/10/2015,,,,,PDigwodDLwByNXtBS,
V5502,http://static.christanfergus.com/images/diecast/DSC00974.JPG,CITROEN C4 RALLY,3A,THRILL RACERS - CITY STUNT '12,GREEN,2012,3/5/2015,,,,,PDigwodDLwByNXtBS,
T9672,http://static.christanfergus.com/images/diecast/DSC00976.JPG,72 FORD GRAN TURISMO SPORT,4A,2011 NEW MODELS,GREEN,2011,2/50,,,,,PDigwodDLwByNXtBS,
V5300,http://static.christanfergus.com/images/diecast/DSC00978.JPG,12 LAMBORGHINI AVENTADOR,3A,2012 NEW MODELS,ORANGE,2012,12/50,,,,,PDigwodDLwByNXtBS,
T9985,http://static.christanfergus.com/images/diecast/DSC00980.JPG,70 MONTE CARLO,4A,MUSCLE MANIA '11,BLUE,2011,6/10/2015,,,,,PDigwodDLwByNXtBS,
R0931,http://static.christanfergus.com/images/diecast/DSC00982.JPG,81 DELOREAN DMC-12,3A,2010 NEW MODELS,GOLD,2010,15/44,,TRUE,,,PDigwodDLwByNXtBS,
V5314,http://static.christanfergus.com/images/diecast/DSC00984.JPG,PORSCHE BOXSTER SPYDER,3A,2012 NEW MODELS,WHITE,2012,26/50,,,,,PDigwodDLwByNXtBS,
V5424,http://static.christanfergus.com/images/diecast/DSC00986.JPG,LAMBORGHINI REVENTON,3A,HW ALL STARS '12,RUST,2012,1/10/2015,,,,,PDigwodDLwByNXtBS,
V5319,http://static.christanfergus.com/images/diecast/DSC00988.JPG,MAZDA RX-7,3A,2012 NEW MODELS,BLACK,2012,31/50,,,,,PDigwodDLwByNXtBS,
V5513,http://static.christanfergus.com/images/diecast/DSC00992.JPG,68 EL CAMINO,3A,THRILL RACERS - BEACH '12,ORANGE,2012,4/5/2015,,,,,PDigwodDLwByNXtBS,
J8024,http://static.christanfergus.com/images/diecast/DSC00994.JPG,LOTUS PROJECT M250,1A,,GREEN,2006,,,,,,PDigwodDLwByNXtBS,
V9461,http://static.christanfergus.com/images/diecast/DSC00996.JPG,HONDA S2000,4A,2011 NEW MODELS,RED,2011,20/50,,,,,PDigwodDLwByNXtBS,
R7553,http://static.christanfergus.com/images/diecast/DSC00998.JPG,FERRARI 308 GTS,3A,ALL STARS '10,BLUE,2010,10/10/2015,,,,,PDigwodDLwByNXtBS,
CFL64,http://static.christanfergus.com/images/diecast/IMG_20150726_152027.jpg,12 FORD FIESTA,2A,HW OFF-ROAD 2015 - ROAD RALLY,GREEN,2015,,,,,,PDigwodDLwByNXtBS,
BDR42,http://static.christanfergus.com/images/diecast/IMG_20150627_203421.JPG,69 BOSS 302,3A,HOT WHEELS COOL CLASSICS,TURQUOISE,2014,21/30,,,,,PDigwodDLwByNXtBS,
CFH46,http://static.christanfergus.com/images/diecast/IMG_20150627_203449.JPG,CUSTOM '77 DODGE VAN,2A,HW CITY 2015 - HW PERFORMANCE,YELLOW,2015,10/10/2015,,TRUE,,,PDigwodDLwByNXtBS,
CFH87,http://static.christanfergus.com/images/diecast/IMG_20150627_203518.JPG,90 HONDA CIVIC EF,2A,HW WORKSHOP 2014 - NIGHT BURNERZ,BLACK,2015,2/10/2015,,,,,PDigwodDLwByNXtBS,
CFG99,http://static.christanfergus.com/images/diecast/IMG_20150627_203544.JPG,SRT VIPER GTS-R,2A,HW RACE 2015 - WORLD RACE,SILVER,2015,5/10/2015,,,,,PDigwodDLwByNXtBS,
CFH45,http://static.christanfergus.com/images/diecast/IMG_20150627_203609.JPG,BENTLEY CONTINENTAL SUPERSPORTS,2A,HW WORKSHOP 2015 - SPEED TEAM,MAROON,2015,2/5/2015,,,,,PDigwodDLwByNXtBS,
21319,http://static.christanfergus.com/images/diecast/IMG_20150629_203550.JPG,PIKES PEAK CELICA,1A,SUGAR RUSH SERIES 2,WHITE,1999,3/4/2015,971,,SWEET TARTS,,PDigwodDLwByNXtBS,
CFK80,http://static.christanfergus.com/images/diecast/IMG_20150630_CFH15.JPG,ASTON MARTIN VANTAGE GT3,2A,HW RACE 2015 - WORLD RACE,BLUE,2015,,,TRUE,,,PDigwodDLwByNXtBS,
CFG96,http://static.christanfergus.com/images/diecast/IMG_20150701_CFG96.JPG,GT HUNTER,2A,HW RACE 2015 - HW RACE TEAM,BLUE,2015,5/10/2015,,,,,PDigwodDLwByNXtBS,
CFG97,http://static.christanfergus.com/images/diecast/IMG_20150701_CFG97.JPG,WINNING FORMULA,2A,HW RACE 2015 - HW RACE TEAM,BLUE,2015,10/10/2015,,,,,PDigwodDLwByNXtBS,
CFH83,http://static.christanfergus.com/images/diecast/IMG_20150701_CFH83.JPG,FERRARI 599XX,2A,HW WORKSHOP 2015 - THRILL RACERS,GREY,2015,,,TRUE,,,PDigwodDLwByNXtBS,
CFJ75,http://static.christanfergus.com/images/diecast/IMG_20150701_CFJ75.JPG,70 CHEVY CHEVELLE,2A,HW WORKSHOP 2015 - SPEED TEAM,BURGANDY,2015,,,,,,PDigwodDLwByNXtBS,
CFK18,http://static.christanfergus.com/images/diecast/IMG_20150701_CFK18.JPG,THE HOMER,2A,HW CITY 2015 - TOONED,GREEN,2015,,,,,,PDigwodDLwByNXtBS,
CFK76,http://static.christanfergus.com/images/diecast/IMG_20150701_CFK76.JPG,RRROADSTER,2A,HW RACE 2015 - HW RACE TEAM,BLUE,2015,4/10/2015,,,,,PDigwodDLwByNXtBS,
CFK80,http://static.christanfergus.com/images/diecast/IMG_20150701_CFK80.JPG,PROTOTYPE H-24,2A,HW RACE 2015 - HW RACE TEAM,BLUE,2015,9/10/2015,,,,,PDigwodDLwByNXtBS,
CFL58,http://static.christanfergus.com/images/diecast/IMG_20150701_CFL58.JPG,DATSUN 240Z,2A,HW WORKSHOP 2015 - THEN AND NOW,WHITE,2015,,,,,,PDigwodDLwByNXtBS,
CFV00,http://static.christanfergus.com/images/diecast/IMG_20150701_CFV00.JPG,63 MUSTANG II CONCEPT,1A,HAPPY FATHER'S DAY,BLUE,2015,,,,,,PDigwodDLwByNXtBS,
CFV02,http://static.christanfergus.com/images/diecast/IMG_20150701_CFV02.JPG,CUSTOM'11 CAMARO,1A,HAPPY FATHER'S DAY,COPPER,2015,,,,,,PDigwodDLwByNXtBS,
CFV03,http://static.christanfergus.com/images/diecast/IMG_20150701_CFV03.JPG,POISON ARROW,1A,HAPPY FATHER'S DAY,PURPLE,2015,,,,,,PDigwodDLwByNXtBS,
CFV05,http://static.christanfergus.com/images/diecast/IMG_20150701_CFV05.JPG,CORVETTE C6,1A,HAPPY FATHER'S DAY,TURQUOISE,2015,,,,,,PDigwodDLwByNXtBS,
CFK21,http://static.christanfergus.com/images/diecast/IMG_20150706_211130.JPG,BATMOBILE (THE BRAVE AND THE BOLD),2A,HW CITY 2015 - BATMAN,BLACK,2015,3/5/2015,,,,,PDigwodDLwByNXtBS,
CFH01,http://static.christanfergus.com/images/diecast/IMG_20150706_211153.JPG,CORVETTE C7.R,2A,HW RACE 2015 - WORLD RACE,YELLOW,2015,10/10/2015,,TRUE,"#4 won Le Mans in 2015, #3 was out due to wreck",,PDigwodDLwByNXtBS,
BFD19,http://static.christanfergus.com/images/diecast/IMG_20150706_211211.JPG,FIG RIG,3A,HW RACE 2014 - HW RACE TEAM,BLUE,2014,,,,,,PDigwodDLwByNXtBS,
CFJ54,http://static.christanfergus.com/images/diecast/IMG_20150706_211228.JPG,THE VANSTER,2A,HW RACE 2015 - HW RACE TEAM,BLUE,2015,3/10/2015,,,,,PDigwodDLwByNXtBS,
CFJ61,http://static.christanfergus.com/images/diecast/IMG_20150707_215434.jpg,BMW E36 M3 RACE,2A,HW RACE 2015 - WORLD RACE,BLACK,2015,,,TRUE,,,PDigwodDLwByNXtBS,
CFJ17,http://static.christanfergus.com/images/diecast/IMG_20150707_215459.jpg,CUSTOM '12 FORD MUSTANG,2A,HW WORKSHOP 2015 - HW DRIFT RACE,FALKEN,2015,,,TRUE,Falken Tire livery,,PDigwodDLwByNXtBS,
CFL78,http://static.christanfergus.com/images/diecast/IMG_20150708_202248.jpg,PORSCHE 911 GT3 RS,2A,HW WORKSHOP 2015 - NIGHT BURNERZ,RED,2015,,,,,,PDigwodDLwByNXtBS,
CFK51,http://static.christanfergus.com/images/diecast/IMG_20150711_204942.jpg,HOT WHEELS FORD TRANSIT CONNECT,2A,HW OFF ROAD 2015 - HOT WHEELS TEST FACILITY,RED,2015,3/5/2015,,,,,PDigwodDLwByNXtBS,
18852,http://static.christanfergus.com/images/diecast/IMG_20150711_205012.jpg,PORSCHE 911 GT1-98,1A,1999 FIRST EDITIONS,WHITE,1999,25/26,676,TRUE,,,PDigwodDLwByNXtBS,
CFH48,http://static.christanfergus.com/images/diecast/IMG_20150711_205110.jpg,83 CHEVY SILVERADO,2A,HW CITY 2015 - HW PERFORMANCE,ORANGE,2015,6/10/2015,,,,,PDigwodDLwByNXtBS,
CFL73,http://static.christanfergus.com/images/diecast/IMG_20150711_205146.jpg,MORRIS MINI,2A,HW OFF-ROAD 2015 - ROAD RALLY,LT BLUE,2015,5/5/2015,,,,,PDigwodDLwByNXtBS,
CFL39,http://static.christanfergus.com/images/diecast/IMG_20150711_205244.jpg,LAMBORGHINI HURACAN LP 610-4,2A,HW WORKSHOP 2015 - HW GARAGE,GREEN,2015,7/10/2015,,,,,PDigwodDLwByNXtBS,
CFJ18,http://static.christanfergus.com/images/diecast/IMG_20150711_205307.jpg,69 CAMARO,2A,HW WORKSHOP 2015 - THEN AND NOW,WHITE,2015,1/10/2015,,,,,PDigwodDLwByNXtBS,
CFH77,http://static.christanfergus.com/images/diecast/IMG_20150711_205352.jpg,68 MERCURY COUGAR,2A,HW RACE 2015 - TRACK ACES,BLUE,2015,,,,,,PDigwodDLwByNXtBS,
CFH49,http://static.christanfergus.com/images/diecast/IMG_20150711_205415.jpg,71 EL CAMINO,2A,HW CITY 2015 - HW PERFORMANCE,BLACK,2015,,,,,,PDigwodDLwByNXtBS,
CFL45,http://static.christanfergus.com/images/diecast/IMG_20150711_205435.jpg,BATMOBILE,2A,HW CITY 2015 - BATMAN,BLACK,2015,2/5/2015,,,BATMAN THE BRAVE & THE BOLD,,PDigwodDLwByNXtBS,
CFG82,http://static.christanfergus.com/images/diecast/IMG_20150711_205457.jpg,BATMAN: ARKHAM KNIGHT BATMOBILE,2A,HW CITY 2015 - BATMAN,BLACK,2015,1/5/2015,,,BATMAN: ARKHAM KNIGHT,,PDigwodDLwByNXtBS,
CFH38,http://static.christanfergus.com/images/diecast/IMG_20150711_205519.jpg,8 CRATE,2A,HW WORKSHOP 2015 - HW GARAGE,MAROON,2015,,,,,,PDigwodDLwByNXtBS,
CFH95,http://static.christanfergus.com/images/diecast/IMG_20150711_205544.jpg,PASS 'N GASSER,2A,HW WORKSHOP 2015 - HEAT FLEET,BLUE,2015,,,,,,PDigwodDLwByNXtBS,
BDT89,http://static.christanfergus.com/images/diecast/IMG_20150717_181247.jpg,1987 TOYOTA PICKUP,M1,BACK TO THE FUTURE,BLACK,2014,,,TRUE,,,PDigwodDLwByNXtBS,
CFH93,http://static.christanfergus.com/images/diecast/IMG_20150717_181329.jpg,55 CHEVY BEL AIR GASSER,2A,HW WORKSHOP 2015 - HEAT FLEET,ORANGE,2015,,,,,,PDigwodDLwByNXtBS,
CFK32,http://static.christanfergus.com/images/diecast/IMG_20150717_181357.jpg,2008 LANCER EVOLUTION,2A,HW OFF-ROAD  2015 - ROAD RALLY,GREY,2015,,,,,,PDigwodDLwByNXtBS,
CFH36,http://static.christanfergus.com/images/diecast/IMG_20150717_181435.jpg,09 CORVETTE ZR1,2A,HW CITY 2015 - HW PERFORMANCE,BLUE,2015,,,,GULF LIVERY,,PDigwodDLwByNXtBS,
CFH03,http://static.christanfergus.com/images/diecast/IMG_20150718_152813.jpg,TESLSA MODEL S,2A,HW WORKSHOP 2015 - HW GARAGE,SILVER,2015,,,,,,PDigwodDLwByNXtBS,
21073,http://static.christanfergus.com/images/diecast/IMG_20150718_152837.jpg,MERCEDES CLK-LM,1A,1999 FIRST EDITIONS,SILVER,1999,26/26,926,TRUE,,,PDigwodDLwByNXtBS,
CFL46,http://static.christanfergus.com/images/diecast/IMG_20150718_152900.jpg,BATMAN LIVE! BATMOBILE,2A,HW CITY 2015 - BATMAN,BLACK,2015,,,,BATMAN LIVE! BATMOBILE,,PDigwodDLwByNXtBS,
21068,http://static.christanfergus.com/images/diecast/IMG_20150721_202141.jpg,FORD GT-40,1A,1999 FIRST EDITIONS,BLUE,1999,16/26,921,TRUE,,,PDigwodDLwByNXtBS,
CFH64,http://static.christanfergus.com/images/diecast/IMG_20150722_204205.jpg,U.S.S. ENTERPRISE NCC-1701,2A,HW CITY 2015 - HW SPACE TEAM,WHITE,2015,,,,,,PDigwodDLwByNXtBS,
52938,http://static.christanfergus.com/images/diecast/IMG_20150722_204236.jpg,LANCIA STRATOS,1A,2002 FIRST EDITIONS,RED,2002,25/42,37,,,,PDigwodDLwByNXtBS,
BFD84,http://static.christanfergus.com/images/diecast/IMG_20150722_204303.jpg,1971 MUSTANG MACH 1,3A,HW CITY 2014 - MUSTANG 50TH,GOLD,2014,,,,,,PDigwodDLwByNXtBS,
CFK72,http://static.christanfergus.com/images/diecast/IMG_20150722_204330.jpg,DATSUN 620,2A,HW OFF-ROAD 2015 - HW HOT TRUCKS,GREEN,2015,,,,,,PDigwodDLwByNXtBS,
CFH22,http://static.christanfergus.com/images/diecast/IMG_20150722_204352.jpg,69 DODGE CHARGER 500,2A,HW CITY 2015 - HW PERFORMANCE,BLUE,2015,,,,,,PDigwodDLwByNXtBS,
CFM17,http://static.christanfergus.com/images/diecast/IMG_20150722_204413.jpg,70 PLYMOUTH AAR CUDA,2A,HW WORKSHOP 2015 - NIGHT BURNERZ,GREEN,2015,,,,,,PDigwodDLwByNXtBS,
CFJ08,http://static.christanfergus.com/images/diecast/IMG_20150722_204435.jpg,69 CHEVELLE SS 396,2A,HW WORKSHOP 2015 - MUSCLE MANIA,WHITE,2015,,,,,,PDigwodDLwByNXtBS,
CFH41,http://static.christanfergus.com/images/diecast/IMG_20150722_204456.jpg,69 FORD MUSTANG BOSS 302,2A,HW WORKSHOP 2015 - SPEED TEAM,ORANGE,2015,,,,,,PDigwodDLwByNXtBS,
CFH16,http://static.christanfergus.com/images/diecast/IMG_20150726_152048.jpg,90 ACURA NSX,2A,HW WORKSHOP 2015 - HW GARAGE,RED,2015,,,TRUE,,,PDigwodDLwByNXtBS,
CMJ29,http://static.christanfergus.com/images/diecast/IMG_20150726_152117.jpg,COCKNEY CAB II,1A,TOM AND JERRY,GREEN/WHITE,2015,1/6/2015,,,,,PDigwodDLwByNXtBS,
CMJ31,http://static.christanfergus.com/images/diecast/IMG_20150726_152135.jpg,THE GOV'NER,1A,TOM AND JERRY,RED,2015,3/6/2015,,,,,PDigwodDLwByNXtBS,
CMJ32,http://static.christanfergus.com/images/diecast/IMG_20150726_152157.jpg,HW PURSUIT,1A,TOM AND JERRY,BLUE/WHITE,2015,4/6/2015,,,,,PDigwodDLwByNXtBS,
CMJ33,http://static.christanfergus.com/images/diecast/IMG_20150726_152232.jpg,AVANT GARDE,1A,TOM AND JERRY,BLACK/ORANGE,2015,5/6/2015,,,,,PDigwodDLwByNXtBS,
CMJ34,http://static.christanfergus.com/images/diecast/IMG_20150726_152249.jpg,RYURA LX,1A,TOM AND JERRY,BLACK,2015,6/6/2015,,,,,PDigwodDLwByNXtBS,
CFH18,http://static.christanfergus.com/images/diecast/IMG_20150729_194718.jpg,70 FORD ESCORT RS1600,2A,HW WORKSHOP 2015 - HW GARAGE,BLUE,2015,,,TRUE,,,PDigwodDLwByNXtBS,
CFL63,http://static.christanfergus.com/images/diecast/IMG_20150730_203009.jpg,VOLKSWAGEN CADDY,2A,HW OFF-ROAD 2015 - HW HOT TRUCKS,SILVER,2015,,,,,,PDigwodDLwByNXtBS,
BDR31,http://static.christanfergus.com/images/diecast/IMG_20150730_203035.jpg,1987 TOYOTA PICKUP,3A,HOT WHEELS COOL CLASSICS,GOLD,2014,,,TRUE,,,PDigwodDLwByNXtBS,
X1981,http://static.christanfergus.com/images/diecast/IMG_20150731_150319.jpg,1987 TOYOTA PICKUP,3A,HW SHOWROOM 2013 - HW HOT TRUCKS,TAN,2013,165/250,,TRUE,,,PDigwodDLwByNXtBS,8/23/2015
CFL29,http://static.christanfergus.com/images/diecast/IMG_20150731_150337.jpg,MCLAREN P1,2A,HW WORKSHOP 2015 - HW GARAGE,GREY,2015,223/250,,TRUE,,,PDigwodDLwByNXtBS,8/23/2015
CFH35,http://static.christanfergus.com/images/diecast/IMG_20150731_150354.jpg,10 FORD SHELBY GT500,2A,HW CITY 2015 - HW PERFORMANCE,WHITE,2015,11/250,,,,,PDigwodDLwByNXtBS,8/23/2015
BFG34,http://static.christanfergus.com/images/diecast/IMG_20150823_062656.jpg,70 FORD MUSTANG MACH 1,3A,HW CITY 2014 - MUSTANG 50TH,YELLOW,2014,,,,,,PDigwodDLwByNXtBS,8/23/2015
BDV29,http://static.christanfergus.com/images/diecast/IMG_20150823_063049.jpg,CATERHAM SUPERLIGHT R500,M1,MBX ADVENTURE CITY,BRG,2013,9/120,,,,,PDigwodDLwByNXtBS,8/23/2015
CFM03,http://static.christanfergus.com/images/diecast/IMG_20150823_063257.jpg,ASTON MARTIN1963 DB5,2A,HW WORKSHOP 2015 - THEN AND NOW,BLUE,2015,,,,,,PDigwodDLwByNXtBS,
CFH25,http://static.christanfergus.com/images/diecast/IMG_20150823_063334.jpg,GREAT GATSPEED,2A,HW CITY 2015 - HW PERFORMANCE,RED,2015,,,,,,PDigwodDLwByNXtBS,8/23/2015
CFH80,http://static.christanfergus.com/images/diecast/IMG_20150823_063424.jpg,DMC DELOREAN,2A,HW RACE 2015 - TRACK ACES,RED,2015,,,TRUE,,,PDigwodDLwByNXtBS,8/23/2015
CFJ32,http://static.christanfergus.com/images/diecast/IMG_20150823_063449.jpg,FORD SHELBY GR-1 CONCEPT,2A,HW RACE 2015 - TRACK ACES,BLACK,2015,,,,,,PDigwodDLwByNXtBS,8/23/2015
CFL79,http://static.christanfergus.com/images/diecast/IMG_20150823_063519.jpg,14 CORVETTE STINGRAY,2A,HW WORKSHOP 2015 - HW GARAGE,YELLOW,2015,,,,,,PDigwodDLwByNXtBS,8/23/2015
CFL59,http://static.christanfergus.com/images/diecast/IMG_20150823_063559.jpg,CUSTOM '12 FORD MUSTANG,2A,HW WORKSHOP 2015 - HW DRIFT RACE,SILVER,2015,,,,,,PDigwodDLwByNXtBS,8/23/2015
CFH40,http://static.christanfergus.com/images/diecast/IMG_20150823_063622.jpg,HONDA S2000,2A,HW CITY 2015 - HW PERFORMANCE,WHITE,2015,,,,,,PDigwodDLwByNXtBS,8/23/2015
18144,http://static.christanfergus.com/images/diecast/IMG_20150823_114937.jpg,JAGUAR D-TYPE,1A,1998 FIRST EDITIONS,BLUE,1998,6/48,638,TRUE,,,PDigwodDLwByNXtBS,7/23/2015
T9678,,VOLKSWAGEN BRASILIA,4A,2011 NEW MODELS,AQUA,2011,8/244,,,,,PDigwodDLwByNXtBS,8/23/2015
BDT27,,85 TOYOTA 4RUNNER,M1,MBX EXPLORERS,GREY,2014,37/120,,,,,PDigwodDLwByNXtBS,8/23/2015
P2969,,AUSTIN MINI VAN,M1,CITY ACTION,RED,2009,13/13,,,,,PDigwodDLwByNXtBS,8/23/2015
R0454,,09 CATERHAM SUPERLIGHT R500,M1,SPORTS CARS,WHITE,2010,3/15/2015,,,,,PDigwodDLwByNXtBS,8/23/2015
R4951,,LOTUS EUROPA,M1,HERITAGE CLASSICS,YELLOW,2010,6/9/2015,,,,,PDigwodDLwByNXtBS,8/23/2015
R4954,,68 CITROEN DS,M1,HERITAGE CLASSICS,BLUE,2010,8/9/2015,,,,,PDigwodDLwByNXtBS,8/23/2015
R4964,,MORGAN AEROMAX,M1,SPORTS CARS,BLACK,2010,12/15/2015,,,,,PDigwodDLwByNXtBS,8/23/2015
R5006,,JUNGLE CRAWLER,M1,JUNGLE EXPLORERS,GREY,2010,3/6/2015,,,,,PDigwodDLwByNXtBS,8/23/2015
R5010,,VOLKSWAGEN T2 BUS,M1,OUTDOOR SPORTSMAN,CAMO,2010,6/10/2015,,,,,PDigwodDLwByNXtBS,8/23/2015
T1545,,67 VOLVO P1800S,M1,HERITAGE CLASSICS,TURQUOISE,2010,2/9/2015,,,,,PDigwodDLwByNXtBS,8/23/2015
W4797,,CATERHAM R500 SUPERLIGHT,M1,MBX NATIONAL PARK,BLACK,2012,1/10/2015,,,,,PDigwodDLwByNXtBS,8/23/2015
Y0501,,1966 DODGE A100 PICKUP,M1,MBX ADVENTURE CITY,GREEN,2013,11/120,,,,,PDigwodDLwByNXtBS,8/23/2015