_id,dc_toy_num,dc_img_url,dc_model_name,dc_bin_num,dc_series,dc_color,dc_year,dc_series_num,dc_collector_num,dc_favourite,dc_notes,dc_duplicate,createdBy,dc_date_added,dc_treasure_hunt,dc_damaged
560370a2d62d105a0c933376,14913,http://static.christanfergus.com/images/diecast/DSC00719.JPG,STREET CLEAVER,1A,1996 FIRST EDITIONS,,1996,4/12/2015,373,,,,PDigwodDLwByNXtBS,,,
560370a2d62d105a0c933377,14914-0910G1,http://static.christanfergus.com/images/diecast/DSC00758.JPG,RADIO FLYER WAGON,1A,1996 FIRST EDITIONS,,1996,9/12/2015,374,,POSSIBLE DEFECT-MADE IN CHINA,,PDigwodDLwByNXtBS,,,
560370a2d62d105a0c933378,14914-0918,http://static.christanfergus.com/images/diecast/DSC00760.JPG,RADIO FLYER WAGON,1A,1996 FIRST EDITIONS,,1996,9/12/2015,374,,,,PDigwodDLwByNXtBS,,,
560370a2d62d105a0c933379,14916,http://static.christanfergus.com/images/diecast/DSC00762.JPG,TWANG THANG,1A,1996 FIRST EDITIONS,,1996,11/12/2015,376,,,,PDigwodDLwByNXtBS,,,
560370a2d62d105a0c93337a,14910,http://static.christanfergus.com/images/diecast/DSC00764.JPG,RAIL RODDER,1A,1996 FIRST EDITIONS,,1996,5/12/2015,370,,,,PDigwodDLwByNXtBS,,,
560370a2d62d105a0c93337b,14915,http://static.christanfergus.com/images/diecast/DSC00766.JPG,DOGFIGHTER,1A,1996 FIRST EDITIONS,,1996,10/12/2015,375,,,,PDigwodDLwByNXtBS,,,
560370a2d62d105a0c93337c,14907,http://static.christanfergus.com/images/diecast/DSC00768.JPG,CHEVY 1500,1A,1996 FIRST EDITIONS,,1996,2/12/2015,367,,,,PDigwodDLwByNXtBS,,,
560370a2d62d105a0c93337d,14917,http://static.christanfergus.com/images/diecast/DSC00770.JPG,FERRARI F50,1A,1996 FIRST EDITIONS,RED,1996,12/12/2015,377,,,,PDigwodDLwByNXtBS,,,
560370a2d62d105a0c93337e,14908,http://static.christanfergus.com/images/diecast/DSC00772.JPG,1970 DODGE CHARGER DAYTONA,1A,1996 FIRST EDITIONS,,1996,3/12/2015,382,,,,PDigwodDLwByNXtBS,,,
560370a2d62d105a0c93337f,14909,http://static.christanfergus.com/images/diecast/DSC00774.JPG,SIZZLERS,1A,1996 FIRST EDITIONS,,1996,8/12/2015,369,,,,PDigwodDLwByNXtBS,,,
560370a2d62d105a0c933380,14911,http://static.christanfergus.com/images/diecast/DSC00776.JPG,ROAD ROCKET,1A,1996 FIRST EDITIONS,,1996,7/12/2015,371,,,,PDigwodDLwByNXtBS,,,
560370a2d62d105a0c933381,16671,http://static.christanfergus.com/images/diecast/DSC00711.JPG,BMW M ROADSTER,1A,1997 FIRST EDITIONS,SILVER,1997,6/12/2015,518,,,,PDigwodDLwByNXtBS,,,
560370a2d62d105a0c933382,16662,http://static.christanfergus.com/images/diecast/DSC00782.JPG,FIREBIRD FUNNY CAR,1A,1997 FIRST EDITIONS,,1997,1/12/2015,509,,,,PDigwodDLwByNXtBS,,,
560370a2d62d105a0c933383,16666,http://static.christanfergus.com/images/diecast/DSC00784.JPG,FORD F-150,1A,1997 FIRST EDITIONS,,1997,2/12/2015,513,,,,PDigwodDLwByNXtBS,,,
560370a2d62d105a0c933384,16673,http://static.christanfergus.com/images/diecast/DSC00786.JPG,SALTFLAT RACER,1A,1997 FIRST EDITIONS,,1997,4/12/2015,520,,,,PDigwodDLwByNXtBS,,,
560370a2d62d105a0c933385,16670,http://static.christanfergus.com/images/diecast/DSC00788.JPG,59 CHEVY IMPALA,1A,1997 FIRST EDITIONS,,1997,5/12/2015,517,,,,PDigwodDLwByNXtBS,,,
560370a2d62d105a0c933386,16667,http://static.christanfergus.com/images/diecast/DSC00790.JPG,WAY 2 FAST,1A,1997 FIRST EDITIONS,,1997,7/12/2015,514,,,,PDigwodDLwByNXtBS,,,
560370a2d62d105a0c933387,16669,http://static.christanfergus.com/images/diecast/DSC00792.JPG,MERCEDES C-CLASS,1A,1997 FIRST EDITIONS,,1997,10/12/2015,516,,,,PDigwodDLwByNXtBS,,,
560370a2d62d105a0c933388,16668,http://static.christanfergus.com/images/diecast/DSC00794.JPG,97 CORVETTE,1A,1997 FIRST EDITIONS,,1997,11/12/2015,515,,,,PDigwodDLwByNXtBS,,,
560370a2d62d105a0c933389,18143,http://static.christanfergus.com/images/diecast/DSC01041.JPG,ESCORT RALLY,1A,1998 FIRST EDITIONS,WHITE,1997,1/48,637,TRUE,,,PDigwodDLwByNXtBS,,,
560370a2d62d105a0c93338a,18545,http://static.christanfergus.com/images/diecast/DSC00667.JPG,PANOZ GTR-1,1A,1998 FIRST EDITIONS,WHITE,1998,19/40,657,TRUE,,,PDigwodDLwByNXtBS,,,
560370a2d62d105a0c93338b,18531,http://static.christanfergus.com/images/diecast/DSC00800.JPG,CHAPARRAL 2,1A,1998 FIRST EDITIONS,WHITE,1998,28/40,669,TRUE,,,PDigwodDLwByNXtBS,,,
560370a2d62d105a0c93338c,18144,http://static.christanfergus.com/images/diecast/IMG_20150823_114937.jpg,JAGUAR D-TYPE,1A,1998 FIRST EDITIONS,BLUE,1998,6/48,638,TRUE,,,PDigwodDLwByNXtBS,7/23/2015,,
560370a2d62d105a0c93338d,18535,http://static.christanfergus.com/images/diecast/DSC00796.JPG,70 ROADRUNNER,1A,1998 FIRST EDITIONS,,1998,17/40,661,,,,PDigwodDLwByNXtBS,,,
560370a2d62d105a0c93338e,18674,http://static.christanfergus.com/images/diecast/DSC00798.JPG,40 FORD,1A,1998 FIRST EDITIONS,,1998,20/40,654,,,,PDigwodDLwByNXtBS,,,
560370a2d62d105a0c93338f,18850,http://static.christanfergus.com/images/diecast/DSC00802.JPG,FORD GT-90,1A,1998 FIRST EDITIONS,,1998,14/40,668,,,,PDigwodDLwByNXtBS,,,
560370a2d62d105a0c933390,18530,http://static.christanfergus.com/images/diecast/DSC00804.JPG,MERCEDES SLK,1A,1998 FIRST EDITIONS,,1998,11/40,646,,,,PDigwodDLwByNXtBS,,,
560370a2d62d105a0c933391,18856,http://static.christanfergus.com/images/diecast/DSC00806.JPG,WHATTA DRAG,1A,1998 FIRST EDITIONS,,1998,36/40,673,,,,PDigwodDLwByNXtBS,,,
560370a2d62d105a0c933392,18842,http://static.christanfergus.com/images/diecast/DSC00808.JPG,SOLAR EAGLE III,1A,1998 FIRST EDITIONS,,1998,23/40,650,,,,PDigwodDLwByNXtBS,,,
560370a2d62d105a0c933393,18587,http://static.christanfergus.com/images/diecast/DSC00810.JPG,32 FORD,1A,1998 FIRST EDITIONS,,1998,7/40,636,,,,PDigwodDLwByNXtBS,,,
560370a2d62d105a0c933394,18840,http://static.christanfergus.com/images/diecast/DSC00812.JPG,SUPER COMP DRAGSTER,1A,1998 FIRST EDITIONS,,1998,22/40,655,,,,PDigwodDLwByNXtBS,,,
560370a2d62d105a0c933395,18544,http://static.christanfergus.com/images/diecast/DSC00814.JPG,IROC FIREBIRD,1A,1998 FIRST EDITIONS,,1998,16/40,653,,,,PDigwodDLwByNXtBS,,,
560370a2d62d105a0c933396,18678,http://static.christanfergus.com/images/diecast/DSC00816.JPG,HOT SEAT,1A,1998 FIRST EDITIONS,,1998,13/40,648,,,,PDigwodDLwByNXtBS,,,
560370a2d62d105a0c933397,18536,http://static.christanfergus.com/images/diecast/DSC00818.JPG,CALLWAY C-7,1A,1998 FIRST EDITIONS,,1998,31/40,677,,,,PDigwodDLwByNXtBS,,,
560370a2d62d105a0c933398,18542,http://static.christanfergus.com/images/diecast/DSC00820.JPG,MUSTANG COBRA,1A,1998 FIRST EDITIONS,,1998,18/40,665,,,,PDigwodDLwByNXtBS,,,
560370a2d62d105a0c933399,18540,http://static.christanfergus.com/images/diecast/DSC00822.JPG,LAKESTER,1A,1998 FIRST EDITIONS,,1998,12/40,647,,,,PDigwodDLwByNXtBS,,,
560370a2d62d105a0c93339a,18841,http://static.christanfergus.com/images/diecast/DSC00824.JPG,TOW JAM,1A,1998 FIRST EDITIONS,,1998,25/40,658,,,,PDigwodDLwByNXtBS,,,
560370a2d62d105a0c93339b,18843,http://static.christanfergus.com/images/diecast/DSC00826.JPG,AT-A-TUDE,1A,1998 FIRST EDITIONS,,1998,34/40,667,,,,PDigwodDLwByNXtBS,,,
560370a2d62d105a0c93339c,18847,http://static.christanfergus.com/images/diecast/DSC00828.JPG,BAD MUDDER,1A,1998 FIRST EDITIONS,,1998,33/40,662,,,,PDigwodDLwByNXtBS,,,
560370a2d62d105a0c93339d,18852,http://static.christanfergus.com/images/diecast/IMG_20150711_205012.jpg,PORSCHE 911 GT1-98,1A,1999 FIRST EDITIONS,WHITE,1999,25/26,676,TRUE,,,PDigwodDLwByNXtBS,,,
560370a2d62d105a0c93339e,21073,http://static.christanfergus.com/images/diecast/IMG_20150718_152837.jpg,MERCEDES CLK-LM,1A,1999 FIRST EDITIONS,SILVER,1999,26/26,926,TRUE,,,PDigwodDLwByNXtBS,,,
560370a2d62d105a0c93339f,21068,http://static.christanfergus.com/images/diecast/IMG_20150721_202141.jpg,FORD GT-40,1A,1999 FIRST EDITIONS,BLUE,1999,16/26,921,TRUE,,,PDigwodDLwByNXtBS,,,
560370a2d62d105a0c9333a0,21075,http://static.christanfergus.com/images/diecast/DSC00778.JPG,CHRYSLER PRONTO,1A,1999 FIRST EDITIONS,,1999,23/26,928,,,,PDigwodDLwByNXtBS,,,
560370a2d62d105a0c9333a1,21074,http://static.christanfergus.com/images/diecast/DSC00780.JPG,56 FORD TRUCK,1A,1999 FIRST EDITIONS,,1999,22/26,927,,,,PDigwodDLwByNXtBS,,,
560370a2d62d105a0c9333a2,52938,http://static.christanfergus.com/images/diecast/IMG_20150722_204236.jpg,LANCIA STRATOS,1A,2002 FIRST EDITIONS,RED,2002,25/42,37,,,,PDigwodDLwByNXtBS,,,
560370a2d62d105a0c9333a3,B3566,http://static.christanfergus.com/images/diecast/DSC00928.JPG,DAIRY DELIVERY,1A,2004 FIRST EDITIONS - BLINGS,WHITE,2004,12/100,12,,,,PDigwodDLwByNXtBS,,,
560370a2d62d105a0c9333a4,G6734,http://static.christanfergus.com/images/diecast/DSC00842.JPG,PROTOTIPO ALFA ROMEO B.A.T.9,1A,2005 FIRST EDITIONS,SILVER,2005,19/20,19,,,,PDigwodDLwByNXtBS,,,
560370a2d62d105a0c9333a5,G6723,http://static.christanfergus.com/images/diecast/DSC00926.JPG,BLOCK 'O WOOD,1A,2005 FIRST EDITIONS - BLINGS,WOOD/BURGANDY,2005,8/10/2015,38,,,,PDigwodDLwByNXtBS,,,
560370a2d62d105a0c9333a6,K6138,http://static.christanfergus.com/images/diecast/DSC00916.JPG,SHELBY COBRA DAYTONA COUPE,1A,2007 NEW MODELS,SILVER,2007,6/36,,,,,PDigwodDLwByNXtBS,,,
560370a2d62d105a0c9333a7,18795,http://static.christanfergus.com/images/diecast/DSC00750.JPG,ALIEN,1A,ARTISTIC LICENSE SERIES,WHITE,1998,1/4/2015,729,,,,PDigwodDLwByNXtBS,,,
560370a2d62d105a0c9333a8,18796,http://static.christanfergus.com/images/diecast/DSC00752.JPG,57 CHEVY,1A,ARTISTIC LICENSE SERIES,GREY,1998,2/4/2015,730,,,,PDigwodDLwByNXtBS,,,
560370a2d62d105a0c9333a9,18797,http://static.christanfergus.com/images/diecast/DSC00754.JPG,VW BUG,1A,ARTISTIC LICENSE SERIES,WHITE,1998,3/4/2015,731,,,,PDigwodDLwByNXtBS,,,
560370a2d62d105a0c9333aa,18798,http://static.christanfergus.com/images/diecast/DSC00756.JPG,1970 PLYMOUTH BARRACUDA,1A,ARTISTIC LICENSE SERIES,BLACK,1998,4/4/2015,732,,,,PDigwodDLwByNXtBS,,,
560370a2d62d105a0c9333ab,16915,http://static.christanfergus.com/images/diecast/DSC00730.JPG,MONEYED MADNESS,1A,BIFF! BAM! BOOM! SERIES,BLUE,1997,2/4/2015,542,,,,PDigwodDLwByNXtBS,,,
560370a2d62d105a0c9333ac,K7639,http://static.christanfergus.com/images/diecast/DSC00964.JPG,AUDACIOUS,1A,CODE CAR,BLACK,2007,4/24/2015,,,,,PDigwodDLwByNXtBS,,,
560370a2d62d105a0c9333ad,16938,http://static.christanfergus.com/images/diecast/DSC00740.JPG,SILHOUETTE II,1A,DEALER'S CHOICE SERIES,BLUE,1997,1/4/2015,565,,,,PDigwodDLwByNXtBS,,,
560370a2d62d105a0c9333ae,16939,http://static.christanfergus.com/images/diecast/DSC00744.JPG,STREET BEAST,1A,DEALER'S CHOICE SERIES,WHITE,1997,2/4/2015,566,,,,PDigwodDLwByNXtBS,,,
560370a2d62d105a0c9333af,16940,http://static.christanfergus.com/images/diecast/DSC00746.JPG,BAJA BUG,1A,DEALER'S CHOICE SERIES,MAROON,1997,3/4/2015,567,,,,PDigwodDLwByNXtBS,,,
560370a2d62d105a0c9333b0,16941,http://static.christanfergus.com/images/diecast/DSC00748.JPG,63 CORVETTE,1A,DEALER'S CHOICE SERIES,BLACK,1997,4/4/2015,568,,,,PDigwodDLwByNXtBS,,,
560370a2d62d105a0c9333b1,52941,http://static.christanfergus.com/images/diecast/DSC00717.JPG,MOTO-CROSSED,1A,FIRST EDITION,RED,2002,,,,,,PDigwodDLwByNXtBS,,,
560370a2d62d105a0c9333b2,CFV00,http://static.christanfergus.com/images/diecast/IMG_20150701_CFV00.JPG,63 MUSTANG II CONCEPT,1A,HAPPY FATHER'S DAY,BLUE,2015,,,,,,PDigwodDLwByNXtBS,,,
560370a2d62d105a0c9333b3,CFV02,http://static.christanfergus.com/images/diecast/IMG_20150701_CFV02.JPG,CUSTOM'11 CAMARO,1A,HAPPY FATHER'S DAY,COPPER,2015,,,,,,PDigwodDLwByNXtBS,,,
560370a2d62d105a0c9333b4,CFV03,http://static.christanfergus.com/images/diecast/IMG_20150701_CFV03.JPG,POISON ARROW,1A,HAPPY FATHER'S DAY,PURPLE,2015,,,,,,PDigwodDLwByNXtBS,,,
560370a2d62d105a0c9333b5,CFV05,http://static.christanfergus.com/images/diecast/IMG_20150701_CFV05.JPG,CORVETTE C6,1A,HAPPY FATHER'S DAY,TURQUOISE,2015,,,,,,PDigwodDLwByNXtBS,,,
560370a2d62d105a0c9333b6,18802,http://static.christanfergus.com/images/diecast/DSC00728.JPG,SCHOOL BUS,1A,MIXED SIGNALS SERIES,YELLOW,1998,4/4/2015,736,,,,PDigwodDLwByNXtBS,,,
560370a2d62d105a0c9333b7,G6828,http://static.christanfergus.com/images/diecast/DSC00834.JPG,1971 PLYMOUTH GTX,1A,MUSCLE MANIA,YELLOW,2005,1/5/2015,101,,,,PDigwodDLwByNXtBS,,,
560370a2d62d105a0c9333b8,15218,http://static.christanfergus.com/images/diecast/DSC00840.JPG,DODGE RAM 1500 (1995),1A,RACE TRUCK SERIES,SILVER,1996,1/4/2015,380,,,,PDigwodDLwByNXtBS,,,
560370a2d62d105a0c9333b9,16942,http://static.christanfergus.com/images/diecast/DSC00732.JPG,TWANG THANG,1A,ROCKIN' RODS SERIES,BURGANDY,1997,1/4/2015,569,,,,PDigwodDLwByNXtBS,,,
560370a2d62d105a0c9333ba,16943,http://static.christanfergus.com/images/diecast/DSC00734.JPG,FERRARI 355,1A,ROCKIN' RODS SERIES,BLACK,1997,2/4/2015,570,,,,PDigwodDLwByNXtBS,,,
560370a2d62d105a0c9333bb,16944,http://static.christanfergus.com/images/diecast/DSC00736.JPG,TURBO FLAME,1A,ROCKIN' RODS SERIES,PURPLE,1997,3/4/2015,571,,,,PDigwodDLwByNXtBS,,,
560370a2d62d105a0c9333bc,16945,http://static.christanfergus.com/images/diecast/DSC00738.JPG,PORSCHE 930,1A,ROCKIN' RODS SERIES,GREEN,1997,4/4/2015,572,,,,PDigwodDLwByNXtBS,,,
560370a2d62d105a0c9333bd,21319,http://static.christanfergus.com/images/diecast/IMG_20150629_203550.JPG,PIKES PEAK CELICA,1A,SUGAR RUSH SERIES 2,WHITE,1999,3/4/2015,971,,SWEET TARTS,,PDigwodDLwByNXtBS,,,
560370a2d62d105a0c9333be,CMJ29,http://static.christanfergus.com/images/diecast/IMG_20150726_152117.jpg,COCKNEY CAB II,1A,TOM AND JERRY,GREEN/WHITE,2015,1/6/2015,,,,,PDigwodDLwByNXtBS,,,
560370a2d62d105a0c9333bf,CMJ31,http://static.christanfergus.com/images/diecast/IMG_20150726_152135.jpg,THE GOV'NER,1A,TOM AND JERRY,RED,2015,3/6/2015,,,,,PDigwodDLwByNXtBS,,,
560370a2d62d105a0c9333c0,CMJ32,http://static.christanfergus.com/images/diecast/IMG_20150726_152157.jpg,HW PURSUIT,1A,TOM AND JERRY,BLUE/WHITE,2015,4/6/2015,,,,,PDigwodDLwByNXtBS,,,
560370a2d62d105a0c9333c1,CMJ33,http://static.christanfergus.com/images/diecast/IMG_20150726_152232.jpg,AVANT GARDE,1A,TOM AND JERRY,BLACK/ORANGE,2015,5/6/2015,,,,,PDigwodDLwByNXtBS,,,
560370a2d62d105a0c9333c2,CMJ34,http://static.christanfergus.com/images/diecast/IMG_20150726_152249.jpg,RYURA LX,1A,TOM AND JERRY,BLACK,2015,6/6/2015,,,,,PDigwodDLwByNXtBS,,,
560370a2d62d105a0c9333c3,27068,http://static.christanfergus.com/images/diecast/DSC00838.JPG,HOT SEAT,1A,VIRTUAL COLLECTION,,2000,,,,,,PDigwodDLwByNXtBS,,,
560370a2d62d105a0c9333c4,G6835,http://static.christanfergus.com/images/diecast/DSC00944.JPG,WHIP CREAMER II,1A,WHITE HEAT,WHITE,2005,3/5/2015,108,,,,PDigwodDLwByNXtBS,,,
560370a2d62d105a0c9333c5,53729,http://static.christanfergus.com/images/diecast/DSC00924.JPG,FERRARI 308,1A,,SILVER,2001,,190,,,,PDigwodDLwByNXtBS,,,
560370a2d62d105a0c9333c6,57233,http://static.christanfergus.com/images/diecast/DSC00836.JPG,CRAZED CLOWNS,1A,,RED,2003,2/5/2015,,,,,PDigwodDLwByNXtBS,,,
560370a2d62d105a0c9333c7,J3277,http://static.christanfergus.com/images/diecast/DSC00621.JPG,DATSUN 240Z,1A,,WHITE,2006,,,,,,PDigwodDLwByNXtBS,,,
560370a2d62d105a0c9333c8,J8024,http://static.christanfergus.com/images/diecast/DSC00994.JPG,LOTUS PROJECT M250,1A,,GREEN,2006,,,,,,PDigwodDLwByNXtBS,,,
560370a2d62d105a0c9333c9,CFH32,http://static.christanfergus.com/images/diecast/DSC00597.JPG,COCKNEY CAB II,2A,HW CITY,,2015,,,,,,PDigwodDLwByNXtBS,,,
560370a2d62d105a0c9333ca,CFH47,http://static.christanfergus.com/images/diecast/DSC01086.JPG,67 AUSTIN MINI VAN,2A,HW CITY - HW ART CARS,MAROON,2015,2/5/2015,,,,,PDigwodDLwByNXtBS,,,
560370a2d62d105a0c9333cb,CFK21,http://static.christanfergus.com/images/diecast/IMG_20150706_211130.JPG,BATMOBILE (THE BRAVE AND THE BOLD),2A,HW CITY 2015 - BATMAN,BLACK,2015,3/5,,,,,PDigwodDLwByNXtBS,,,
560370a2d62d105a0c9333cc,CFL45,http://static.christanfergus.com/images/diecast/IMG_20150711_205435.jpg,BATMOBILE,2A,HW CITY 2015 - BATMAN,BLACK,2015,2/5,,,BATMAN THE BRAVE & THE BOLD,,PDigwodDLwByNXtBS,,,
560370a2d62d105a0c9333cd,CFG82,http://static.christanfergus.com/images/diecast/IMG_20150711_205457.jpg,BATMAN: ARKHAM KNIGHT BATMOBILE,2A,HW CITY 2015 - BATMAN,BLACK,2015,1/5,,,BATMAN: ARKHAM KNIGHT,,PDigwodDLwByNXtBS,,,
560370a2d62d105a0c9333ce,CFL46,http://static.christanfergus.com/images/diecast/IMG_20150718_152900.jpg,BATMAN LIVE! BATMOBILE,2A,HW CITY 2015 - BATMAN,BLACK,2015,5/5,,,BATMAN LIVE! BATMOBILE,,PDigwodDLwByNXtBS,,,
560370a2d62d105a0c9333cf,CFK22,http://static.christanfergus.com/images/diecast/IMG_20150909_210331.jpg,BATMAN: ARKHAM ASYLUM BATMOBILE,2A,HW CITY 2015 - BATMAN,BLACK,2015,4/5,,,,,PDigwodDLwByNXtBS,9/9/2015,,
560370a2d62d105a0c9333d0,CFJ51,http://static.christanfergus.com/images/diecast/DSC01072.JPG,COCKNEY CAB II,2A,HW CITY 2015 - HW CITY WORKS,BLUE,2015,8/10/2015,,,,,PDigwodDLwByNXtBS,,,
560370a2d62d105a0c9333d1,CFH46,http://static.christanfergus.com/images/diecast/IMG_20150627_203449.JPG,CUSTOM '77 DODGE VAN,2A,HW CITY 2015 - HW PERFORMANCE,YELLOW,2015,10/10/2015,,TRUE,,,PDigwodDLwByNXtBS,,,
560370a2d62d105a0c9333d2,CFH48,http://static.christanfergus.com/images/diecast/IMG_20150711_205110.jpg,83 CHEVY SILVERADO,2A,HW CITY 2015 - HW PERFORMANCE,ORANGE,2015,6/10/2015,,,,,PDigwodDLwByNXtBS,,,
560370a2d62d105a0c9333d3,CFH49,http://static.christanfergus.com/images/diecast/IMG_20150711_205415.jpg,71 EL CAMINO,2A,HW CITY 2015 - HW PERFORMANCE,BLACK,2015,,,,,,PDigwodDLwByNXtBS,,,
560370a2d62d105a0c9333d4,CFH36,http://static.christanfergus.com/images/diecast/IMG_20150717_181435.jpg,09 CORVETTE ZR1,2A,HW CITY 2015 - HW PERFORMANCE,BLUE,2015,,,,GULF LIVERY,,PDigwodDLwByNXtBS,,,
560370a2d62d105a0c9333d5,CFH22,http://static.christanfergus.com/images/diecast/IMG_20150722_204352.jpg,69 DODGE CHARGER 500,2A,HW CITY 2015 - HW PERFORMANCE,BLUE,2015,,,,,,PDigwodDLwByNXtBS,,,
560370a2d62d105a0c9333d6,CFH35,http://static.christanfergus.com/images/diecast/IMG_20150731_150354.jpg,10 FORD SHELBY GT500,2A,HW CITY 2015 - HW PERFORMANCE,WHITE,2015,11/250,,,,,PDigwodDLwByNXtBS,8/23/2015,,
560370a2d62d105a0c9333d7,CFH25,http://static.christanfergus.com/images/diecast/IMG_20150823_063334.jpg,GREAT GATSPEED,2A,HW CITY 2015 - HW PERFORMANCE,RED,2015,,,,,,PDigwodDLwByNXtBS,8/23/2015,,
560370a2d62d105a0c9333d8,CFH40,http://static.christanfergus.com/images/diecast/IMG_20150823_063622.jpg,HONDA S2000,2A,HW CITY 2015 - HW PERFORMANCE,WHITE,2015,,,,,,PDigwodDLwByNXtBS,8/23/2015,,
560370a2d62d105a0c9333d9,CFL80,http://static.christanfergus.com/images/diecast/IMG_20150909_205021.jpg,09 CORVETTE ZR1,2A,HW CITY 2015 - HW PERFORMANCE,WHITE,2015,12/250,,,WHITE GULF RACING LIVERY,,PDigwodDLwByNXtBS,9/9/2015,,
560370a2d62d105a0c9333da,CFH75,http://static.christanfergus.com/images/diecast/IMG_20150909_210442.jpg,SUPER VAN,2A,HW CITY 2015 - HW RESCUE,MAROON,2015,55/250,,,,,PDigwodDLwByNXtBS,9/5/2015,,
560370a2d62d105a0c9333db,CFJ28,http://static.christanfergus.com/images/diecast/IMG_20150909_210503.jpg,SUPER VAN,2A,HW CITY 2015 - HW RESCUE,WHITE,2015,55/250,,,,,PDigwodDLwByNXtBS,9/9/2015,,
560370a2d62d105a0c9333dc,CFH64,http://static.christanfergus.com/images/diecast/IMG_20150722_204205.jpg,U.S.S. ENTERPRISE NCC-1701,2A,HW CITY 2015 - HW SPACE TEAM,WHITE,2015,,,,,,PDigwodDLwByNXtBS,,,
560370a2d62d105a0c9333dd,CFL20,http://static.christanfergus.com/images/diecast/IMG_20150909_210419.jpg,SUPER VOLT,2A,HW CITY 2015 - STREET POWER,GREY,2015,27/250,,,,,PDigwodDLwByNXtBS,9/5/2015,,
560370a2d62d105a0c9333de,CFL31,http://static.christanfergus.com/images/diecast/IMG_20150909_205932.jpg,BMW M4,2A,HW CITY 2015 - STREET POWER,MUSTARD,2015,24/250,,,,,PDigwodDLwByNXtBS,9/9/2015,,
560370a2d62d105a0c9333df,CFK18,http://static.christanfergus.com/images/diecast/IMG_20150701_CFK18.JPG,THE HOMER,2A,HW CITY 2015 - TOONED,GREEN,2015,,,,,,PDigwodDLwByNXtBS,,,
560370a2d62d105a0c9333e0,CFK51,http://static.christanfergus.com/images/diecast/IMG_20150711_204942.jpg,HOT WHEELS FORD TRANSIT CONNECT,2A,HW OFF ROAD 2015 - HOT WHEELS TEST FACILITY,RED,2015,3/5/2015,,,,,PDigwodDLwByNXtBS,,,
560370a2d62d105a0c9333e1,CFV19,http://static.christanfergus.com/images/diecast/DSC01062.JPG,VOLKSWAGEN CADDY,2A,HW OFF-ROAD,,2015,,,,,,PDigwodDLwByNXtBS,,,
560370a2d62d105a0c9333e2,CFK32,http://static.christanfergus.com/images/diecast/IMG_20150717_181357.jpg,2008 LANCER EVOLUTION,2A,HW OFF-ROAD  2015 - ROAD RALLY,GREY,2015,,,,,,PDigwodDLwByNXtBS,,,
560370a2d62d105a0c9333e3,CFK72,http://static.christanfergus.com/images/diecast/IMG_20150722_204330.jpg,DATSUN 620,2A,HW OFF-ROAD 2015 - HW HOT TRUCKS,GREEN,2015,,,,,,PDigwodDLwByNXtBS,,,
560370a2d62d105a0c9333e4,CFL63,http://static.christanfergus.com/images/diecast/IMG_20150730_203009.jpg,VOLKSWAGEN CADDY,2A,HW OFF-ROAD 2015 - HW HOT TRUCKS,SILVER,2015,,,,,,PDigwodDLwByNXtBS,,,
560370a2d62d105a0c9333e5,CFK68,http://static.christanfergus.com/images/diecast/IMG_20150909_204945.jpg,CUSTOM FORD BRONCO,2A,HW OFF-ROAD 2015 - HW HOT TRUCKS,GREY,2015,121/250,,,,,PDigwodDLwByNXtBS,9/9/2015,,
560370a2d62d105a0c9333e6,CFK35,http://static.christanfergus.com/images/diecast/DSC00567.JPG,MORRIS MINI,2A,HW OFF-ROAD 2015 - ROAD RALLY,ORANGE,2015,,,,,,PDigwodDLwByNXtBS,,,
560370a2d62d105a0c9333e7,CFL64,http://static.christanfergus.com/images/diecast/IMG_20150726_152027.jpg,12 FORD FIESTA,2A,HW OFF-ROAD 2015 - ROAD RALLY,GREEN,2015,,,,,,PDigwodDLwByNXtBS,,,
560370a2d62d105a0c9333e8,CFL73,http://static.christanfergus.com/images/diecast/IMG_20150711_205146.jpg,MORRIS MINI,2A,HW OFF-ROAD 2015 - ROAD RALLY,LT BLUE,2015,5/5/2015,,,,,PDigwodDLwByNXtBS,,,
560370a2d62d105a0c9333e9,CFJ64,http://static.christanfergus.com/images/diecast/DSC00599.JPG,SRT VIPER GTS-R,2A,HW RACE,,2015,,,TRUE,,,PDigwodDLwByNXtBS,,,
560370a2d62d105a0c9333ea,CFK90,http://static.christanfergus.com/images/diecast/DSC01060.JPG,BMW E36 M3 RACE,2A,HW RACE,BLUE,2015,,,,,,PDigwodDLwByNXtBS,,,
560370a2d62d105a0c9333eb,CFH04,http://static.christanfergus.com/images/diecast/DSC00611.JPG,CORVETTE GRAND SPORT ROADSTER,2A,HW RACE,,2015,,,,,,PDigwodDLwByNXtBS,,,
560370a2d62d105a0c9333ec,CFK77,http://static.christanfergus.com/images/diecast/DSC01076.JPG,C6 CORVETTE,2A,HW RACE 2015 - HW RACE TEAM,BLUE,2015,6/10/2015,,,,,PDigwodDLwByNXtBS,,,
560370a2d62d105a0c9333ed,CFG96,http://static.christanfergus.com/images/diecast/IMG_20150701_CFG96.JPG,GT HUNTER,2A,HW RACE 2015 - HW RACE TEAM,BLUE,2015,5/10/2015,,,,,PDigwodDLwByNXtBS,,,
560370a2d62d105a0c9333ee,CFG97,http://static.christanfergus.com/images/diecast/IMG_20150701_CFG97.JPG,WINNING FORMULA,2A,HW RACE 2015 - HW RACE TEAM,BLUE,2015,10/10/2015,,,,,PDigwodDLwByNXtBS,,,
560370a2d62d105a0c9333ef,CFK76,http://static.christanfergus.com/images/diecast/IMG_20150701_CFK76.JPG,RRROADSTER,2A,HW RACE 2015 - HW RACE TEAM,BLUE,2015,4/10/2015,,,,,PDigwodDLwByNXtBS,,,
560370a2d62d105a0c9333f0,CFK80,http://static.christanfergus.com/images/diecast/IMG_20150701_CFK80.JPG,PROTOTYPE H-24,2A,HW RACE 2015 - HW RACE TEAM,BLUE,2015,9/10/2015,,,,,PDigwodDLwByNXtBS,,,
560370a2d62d105a0c9333f1,CFJ54,http://static.christanfergus.com/images/diecast/IMG_20150706_211228.JPG,THE VANSTER,2A,HW RACE 2015 - HW RACE TEAM,BLUE,2015,3/10/2015,,,,,PDigwodDLwByNXtBS,,,
560370a2d62d105a0c9333f2,CFH80,http://static.christanfergus.com/images/diecast/IMG_20150823_063424.jpg,DMC DELOREAN,2A,HW RACE 2015 - TRACK ACES,RED,2015,,,TRUE,,,PDigwodDLwByNXtBS,8/23/2015,,
560370a2d62d105a0c9333f3,CFH77,http://static.christanfergus.com/images/diecast/IMG_20150711_205352.jpg,68 MERCURY COUGAR,2A,HW RACE 2015 - TRACK ACES,BLUE,2015,,,,,,PDigwodDLwByNXtBS,,,
560370a2d62d105a0c9333f4,CFJ32,http://static.christanfergus.com/images/diecast/IMG_20150823_063449.jpg,FORD SHELBY GR-1 CONCEPT,2A,HW RACE 2015 - TRACK ACES,BLACK,2015,,,,,,PDigwodDLwByNXtBS,8/23/2015,,
560370a2d62d105a0c9333f5,CFL27,http://static.christanfergus.com/images/diecast/IMG_20150909_210522.jpg,CORVETTE GRAND SPORT ROADSTER,2A,HW RACE 2015 - TRACK ACES,SILVER,2015,179/250,,,Fast & Furious,,PDigwodDLwByNXtBS,9/9/2015,,
560370a2d62d105a0c9333f6,CFK80,http://static.christanfergus.com/images/diecast/IMG_20150630_CFH15.JPG,ASTON MARTIN VANTAGE GT3,2A,HW RACE 2015 - WORLD RACE,BLUE,2015,,,TRUE,,,PDigwodDLwByNXtBS,,,
560370a2d62d105a0c9333f7,CFH01,http://static.christanfergus.com/images/diecast/IMG_20150706_211153.JPG,CORVETTE C7.R,2A,HW RACE 2015 - WORLD RACE,YELLOW,2015,10/10/2015,,TRUE,"#4 won Le Mans in 2015, #3 was out due to wreck",,PDigwodDLwByNXtBS,,,
560370a2d62d105a0c9333f8,CFJ61,http://static.christanfergus.com/images/diecast/IMG_20150707_215434.jpg,BMW E36 M3 RACE,2A,HW RACE 2015 - WORLD RACE,BLACK,2015,,,TRUE,,,PDigwodDLwByNXtBS,,,
560370a2d62d105a0c9333f9,CFG99,http://static.christanfergus.com/images/diecast/IMG_20150627_203544.JPG,SRT VIPER GTS-R,2A,HW RACE 2015 - WORLD RACE,SILVER,2015,5/10/2015,,,,,PDigwodDLwByNXtBS,,,
560370a2d62d105a0c9333fa,CFL26,http://static.christanfergus.com/images/diecast/IMG_20150909_210552.jpg,CORVETTE C7.R,2A,HW RACE 2015 - WORLD RACE,BLUE,2015,155/250,,,,,PDigwodDLwByNXtBS,9/9/2015,,
560370a2d62d105a0c9333fb,CFH20,http://static.christanfergus.com/images/diecast/DSC01064.JPG,MCLAREN P1,2A,HW WORKSHOP,,2015,,,,,,PDigwodDLwByNXtBS,,,
560370a2d62d105a0c9333fc,CFH86,http://static.christanfergus.com/images/diecast/DSC00557.JPG,PORSCHE 911 GT3 RS,2A,HW WORKSHOP,YELLOW,2015,,,,,,PDigwodDLwByNXtBS,,,
560370a2d62d105a0c9333fd,CFJ20,http://static.christanfergus.com/images/diecast/DSC00559.JPG,DATSUN 240Z,2A,HW WORKSHOP,BLACK,2015,,,,,,PDigwodDLwByNXtBS,,,
560370a2d62d105a0c9333fe,CFH62,http://static.christanfergus.com/images/diecast/DSC00569.JPG,PORSCHE 934 TURBO RSR,2A,HW WORKSHOP,BLACK,2015,,,,,,PDigwodDLwByNXtBS,,,
560370a2d62d105a0c9333ff,CFJ67,http://static.christanfergus.com/images/diecast/DSC00571.JPG,PORSCHE 934 TURBO RSR,2A,HW WORKSHOP,BLUE,2015,,,,,,PDigwodDLwByNXtBS,,,
560370a2d62d105a0c933400,CFJ22,http://static.christanfergus.com/images/diecast/DSC00575.JPG,ASTON MARTIN 1963 DB5,2A,HW WORKSHOP,RED,2015,,,,,,PDigwodDLwByNXtBS,,,
560370a2d62d105a0c933401,CFJ55,http://static.christanfergus.com/images/diecast/DSC00587.JPG,12 ACURA NSX CONCEPT,2A,HW WORKSHOP,BLUE,2015,,,,,,PDigwodDLwByNXtBS,,,
560370a2d62d105a0c933402,CFH91,http://static.christanfergus.com/images/diecast/DSC00589.JPG,MAZDA RX-7,2A,HW WORKSHOP,,2015,,,,,,PDigwodDLwByNXtBS,,,
560370a2d62d105a0c933403,CFJ25,http://static.christanfergus.com/images/diecast/DSC00593.JPG,NISSAN 370Z,2A,HW WORKSHOP,,2015,,,,,,PDigwodDLwByNXtBS,,,
560370a2d62d105a0c933404,CFG74,http://static.christanfergus.com/images/diecast/DSC00595.JPG,LOTUS ESPRIT SI,2A,HW WORKSHOP,,2015,,,,,,PDigwodDLwByNXtBS,,,
560370a2d62d105a0c933405,CFJ16,http://static.christanfergus.com/images/diecast/DSC00603.JPG,TOYOTA AE-86 COROLLA,2A,HW WORKSHOP,,2015,,,,,,PDigwodDLwByNXtBS,,,
560370a2d62d105a0c933406,CFJ03,http://static.christanfergus.com/images/diecast/DSC00627.JPG,14 CORVETTE STINGRAY,2A,HW WORKSHOP,,2015,,,,,,PDigwodDLwByNXtBS,,,
560370a2d62d105a0c933407,CFH87,http://static.christanfergus.com/images/diecast/IMG_20150627_203518.JPG,90 HONDA CIVIC EF,2A,HW WORKSHOP 2014 - NIGHT BURNERZ,BLACK,2015,2/10/2015,,,,,PDigwodDLwByNXtBS,,,
560370a2d62d105a0c933408,CFH95,http://static.christanfergus.com/images/diecast/IMG_20150711_205544.jpg,PASS 'N GASSER,2A,HW WORKSHOP 2015 - HEAT FLEET,BLUE,2015,,,,,,PDigwodDLwByNXtBS,,,
560370a2d62d105a0c933409,CFH93,http://static.christanfergus.com/images/diecast/IMG_20150717_181329.jpg,55 CHEVY BEL AIR GASSER,2A,HW WORKSHOP 2015 - HEAT FLEET,ORANGE,2015,,,,,,PDigwodDLwByNXtBS,,,
560370a2d62d105a0c93340a,CFL55,http://static.christanfergus.com/images/diecast/IMG_20150909_205053.jpg,68 HEMI BARRACUDA,2A,HW WORKSHOP 2015 - HEAT FLEET,GREY,2015,213/250,,,,,PDigwodDLwByNXtBS,9/9/2015,,
560370a2d62d105a0c93340b,CFJ17,http://static.christanfergus.com/images/diecast/IMG_20150707_215459.jpg,CUSTOM '12 FORD MUSTANG,2A,HW WORKSHOP 2015 - HW DRIFT RACE,FALKEN,2015,,,TRUE,Falken Tire livery,,PDigwodDLwByNXtBS,,,
560370a2d62d105a0c93340c,CFL59,http://static.christanfergus.com/images/diecast/IMG_20150823_063559.jpg,CUSTOM '12 FORD MUSTANG,2A,HW WORKSHOP 2015 - HW DRIFT RACE,SILVER,2015,,,,,,PDigwodDLwByNXtBS,8/23/2015,,
560370a2d62d105a0c93340d,CFH16,http://static.christanfergus.com/images/diecast/IMG_20150726_152048.jpg,90 ACURA NSX,2A,HW WORKSHOP 2015 - HW GARAGE,RED,2015,,,TRUE,,,PDigwodDLwByNXtBS,,,
560370a2d62d105a0c93340e,CFH18,http://static.christanfergus.com/images/diecast/IMG_20150729_194718.jpg,70 FORD ESCORT RS1600,2A,HW WORKSHOP 2015 - HW GARAGE,BLUE,2015,,,TRUE,,,PDigwodDLwByNXtBS,,,
560370a2d62d105a0c93340f,CFL29,http://static.christanfergus.com/images/diecast/IMG_20150731_150337.jpg,MCLAREN P1,2A,HW WORKSHOP 2015 - HW GARAGE,GREY,2015,223/250,,TRUE,,,PDigwodDLwByNXtBS,8/23/2015,,
560370a2d62d105a0c933410,CFL39,http://static.christanfergus.com/images/diecast/IMG_20150711_205244.jpg,LAMBORGHINI HURACAN LP 610-4,2A,HW WORKSHOP 2015 - HW GARAGE,GREEN,2015,7/10/2015,,,,,PDigwodDLwByNXtBS,,,
560370a2d62d105a0c933411,CFH38,http://static.christanfergus.com/images/diecast/IMG_20150711_205519.jpg,8 CRATE,2A,HW WORKSHOP 2015 - HW GARAGE,MAROON,2015,,,,,,PDigwodDLwByNXtBS,,,
560370a2d62d105a0c933412,CFH03,http://static.christanfergus.com/images/diecast/IMG_20150718_152813.jpg,TESLSA MODEL S,2A,HW WORKSHOP 2015 - HW GARAGE,SILVER,2015,,,,,,PDigwodDLwByNXtBS,,,
560370a2d62d105a0c933413,CFL79,http://static.christanfergus.com/images/diecast/IMG_20150823_063519.jpg,14 CORVETTE STINGRAY,2A,HW WORKSHOP 2015 - HW GARAGE,YELLOW,2015,,,,,,PDigwodDLwByNXtBS,8/23/2015,,
560370a2d62d105a0c933414,CFJ08,http://static.christanfergus.com/images/diecast/IMG_20150722_204435.jpg,69 CHEVELLE SS 396,2A,HW WORKSHOP 2015 - MUSCLE MANIA,WHITE,2015,,,,,,PDigwodDLwByNXtBS,,,
560370a2d62d105a0c933415,CFL78,http://static.christanfergus.com/images/diecast/IMG_20150708_202248.jpg,PORSCHE 911 GT3 RS,2A,HW WORKSHOP 2015 - NIGHT BURNERZ,RED,2015,,,,,,PDigwodDLwByNXtBS,,,
560370a2d62d105a0c933416,CFM17,http://static.christanfergus.com/images/diecast/IMG_20150722_204413.jpg,70 PLYMOUTH AAR CUDA,2A,HW WORKSHOP 2015 - NIGHT BURNERZ,GREEN,2015,,,,,,PDigwodDLwByNXtBS,,,
560370a2d62d105a0c933417,CFK96,http://static.christanfergus.com/images/diecast/IMG_20150909_210405.jpg,71 DATSUN BLUEBIRD 510 WAGON,2A,HW WORKSHOP 2015 - NIGHT BURNERZ,YELLOW,2015,202/250,,TRUE,,,PDigwodDLwByNXtBS,9/9/2015,,
560370a2d62d105a0c933418,CFH39,http://static.christanfergus.com/images/diecast/DSC01058.JPG,70 CHEVY CHEVELLE,2A,HW WORKSHOP 2015 - SPEED TEAM,NAVY,2015,,,,,,PDigwodDLwByNXtBS,,,
560370a2d62d105a0c933419,CFH45,http://static.christanfergus.com/images/diecast/IMG_20150627_203609.JPG,BENTLEY CONTINENTAL SUPERSPORTS,2A,HW WORKSHOP 2015 - SPEED TEAM,MAROON,2015,2/5/2015,,,,,PDigwodDLwByNXtBS,,,
560370a2d62d105a0c93341a,CFJ75,http://static.christanfergus.com/images/diecast/IMG_20150701_CFJ75.JPG,70 CHEVY CHEVELLE,2A,HW WORKSHOP 2015 - SPEED TEAM,BURGANDY,2015,,,,,,PDigwodDLwByNXtBS,,,
560370a2d62d105a0c93341b,CFH41,http://static.christanfergus.com/images/diecast/IMG_20150722_204456.jpg,69 FORD MUSTANG BOSS 302,2A,HW WORKSHOP 2015 - SPEED TEAM,ORANGE,2015,,,,,,PDigwodDLwByNXtBS,,,
560370a2d62d105a0c93341c,CFL58,http://static.christanfergus.com/images/diecast/IMG_20150701_CFL58.JPG,DATSUN 240Z,2A,HW WORKSHOP 2015 - THEN AND NOW,WHITE,2015,,,,,,PDigwodDLwByNXtBS,,,
560370a2d62d105a0c93341d,CFJ18,http://static.christanfergus.com/images/diecast/IMG_20150711_205307.jpg,69 CAMARO,2A,HW WORKSHOP 2015 - THEN AND NOW,WHITE,2015,1/10/2015,,,,,PDigwodDLwByNXtBS,,,
560370a2d62d105a0c93341e,CFM03,http://static.christanfergus.com/images/diecast/IMG_20150823_063257.jpg,ASTON MARTIN1963 DB5,2A,HW WORKSHOP 2015 - THEN AND NOW,BLUE,2015,,,,,,PDigwodDLwByNXtBS,,,
560370a2d62d105a0c93341f,CFH83,http://static.christanfergus.com/images/diecast/IMG_20150701_CFH83.JPG,FERRARI 599XX,2A,HW WORKSHOP 2015 - THRILL RACERS,GREY,2015,,,TRUE,,,PDigwodDLwByNXtBS,,,
560370a2d62d105a0c933420,BFC47,http://static.christanfergus.com/images/diecast/IMG_20150831_191756.jpg,SUBARU WRX STI,5A,HW CITY 2014 - NIGHTBURNERZ,SILVER ,2014,6/10,,,,,PDigwodDLwByNXtBS,9/2/2015,TRUE,
560370a2d62d105a0c933421,R0931,http://static.christanfergus.com/images/diecast/DSC00982.JPG,81 DELOREAN DMC-12,3A,2010 NEW MODELS,GOLD,2010,15/44,,TRUE,,,PDigwodDLwByNXtBS,,,
560370a2d62d105a0c933422,R0953,http://static.christanfergus.com/images/diecast/DSC01015.JPG,71 MAVERICK GRABBER,3A,2010 NEW MODELS,GOLD,2010,33/44,,,,,PDigwodDLwByNXtBS,,,
560370a2d62d105a0c933423,R0956,http://static.christanfergus.com/images/diecast/DSC01025.JPG,71 DODGE CHARGER,3A,2010 NEW MODELS,GREEN,2010,36/44,,,,,PDigwodDLwByNXtBS,,,
560370a2d62d105a0c933424,R0947,http://static.christanfergus.com/images/diecast/DSC00713.JPG,62 FORD MUSTANG CONCEPT,3A,2010 NEW MODELS,RED,2010,28/44,,,,,PDigwodDLwByNXtBS,,,
560370a2d62d105a0c933425,V5306,http://static.christanfergus.com/images/diecast/DSC00583.JPG,BMW Z4 M,3A,2012 NEW MODELS,WHITE,2012,18/50,,TRUE,,,PDigwodDLwByNXtBS,,,
560370a2d62d105a0c933426,V5293,http://static.christanfergus.com/images/diecast/DSC00850.JPG,BMW M3 GT2,3A,2012 NEW MODELS,WHITE,2012,5/50,,TRUE,,,PDigwodDLwByNXtBS,,,
560370a2d62d105a0c933427,V5309,http://static.christanfergus.com/images/diecast/DSC00934.JPG,BMW 2002,3A,2012 NEW MODELS,ORANGE,2012,21/247,,TRUE,,,PDigwodDLwByNXtBS,,,
560370a2d62d105a0c933428,V5613,http://static.christanfergus.com/images/diecast/DSC00938.JPG,BMW Z4 M,3A,2012 NEW MODELS,BLACK,2012,18/247,,TRUE,,,PDigwodDLwByNXtBS,,,
560370a2d62d105a0c933429,V5626,http://static.christanfergus.com/images/diecast/DSC00679.JPG,SUBARU WRX STI,3A,2012 NEW MODELS,MAROON,2012,33/50,,,,,PDigwodDLwByNXtBS,,,
560370a2d62d105a0c93342a,V5569,http://static.christanfergus.com/images/diecast/DSC00683.JPG,FORD FALCON RACE CAR,3A,2012 NEW MODELS,WHITE,2012,4/50,,,,,PDigwodDLwByNXtBS,,,
560370a2d62d105a0c93342b,V5324,http://static.christanfergus.com/images/diecast/DSC00936.JPG,BENTLEY CONTINENTAL SUERSPORTS,3A,2012 NEW MODELS,WHITE,2012,36/247,,,,,PDigwodDLwByNXtBS,,,
560370a2d62d105a0c93342c,V5300,http://static.christanfergus.com/images/diecast/DSC00978.JPG,12 LAMBORGHINI AVENTADOR,3A,2012 NEW MODELS,ORANGE,2012,12/50,,,,,PDigwodDLwByNXtBS,,,
560370a2d62d105a0c93342d,V5314,http://static.christanfergus.com/images/diecast/DSC00984.JPG,PORSCHE BOXSTER SPYDER,3A,2012 NEW MODELS,WHITE,2012,26/50,,,,,PDigwodDLwByNXtBS,,,
560370a2d62d105a0c93342e,V5319,http://static.christanfergus.com/images/diecast/DSC00988.JPG,MAZDA RX-7,3A,2012 NEW MODELS,BLACK,2012,31/50,,,,,PDigwodDLwByNXtBS,,,
560370a2d62d105a0c93342f,R7545,http://static.christanfergus.com/images/diecast/DSC01000.JPG,SCIROCCO GT 24,3A,ALL STARS '10,BURGANDY,2010,2/10/2015,,,,,PDigwodDLwByNXtBS,,,
560370a2d62d105a0c933430,R7551,http://static.christanfergus.com/images/diecast/DSC00952.JPG,VOLKSWAGEN SP2,3A,ALL STARS '10,ORANGE,2010,8/10/2015,,,,,PDigwodDLwByNXtBS,,,
560370a2d62d105a0c933431,R7553,http://static.christanfergus.com/images/diecast/DSC00998.JPG,FERRARI 308 GTS,3A,ALL STARS '10,BLUE,2010,10/10/2015,,,,,PDigwodDLwByNXtBS,,,
560370a2d62d105a0c933432,V5399,http://static.christanfergus.com/images/diecast/DSC00874.JPG,ASTON MARTIN DBS,3A,FASTER THAN EVER,BURGANDY,2012,9/10/2015,,,,,PDigwodDLwByNXtBS,,,
560370a2d62d105a0c933433,R7554,http://static.christanfergus.com/images/diecast/DSC01027.JPG,CUSTOM V-8 VEGA,3A,FASTER THAN EVER '10,BLUE,2010,1/10/2015,,,,,PDigwodDLwByNXtBS,8/23/2015,,
560370a2d62d105a0c933434,R7554,http://static.christanfergus.com/images/diecast/DSC00882.JPG,CUSTOM V-8 VEGA,3A,FASTER THAN EVER '10,WHITE,2010,1/10/2015,,,,,PDigwodDLwByNXtBS,,,
560370a2d62d105a0c933435,R7556,http://static.christanfergus.com/images/diecast/DSC00940.JPG,TRIUMPH TR6,3A,FASTER THAN EVER '10,BURGANDY,2010,131/240,,,,,PDigwodDLwByNXtBS,,,
560370a2d62d105a0c933436,V5578,http://static.christanfergus.com/images/diecast/DSC00609.JPG,DATSUN BLUEBIRD 510,3A,FASTER THAN EVER '12,GREY,2012,,,TRUE,,,PDigwodDLwByNXtBS,,,
560370a2d62d105a0c933437,V5565,http://static.christanfergus.com/images/diecast/DSC00900.JPG,FORD GTX1,3A,FASTER THAN EVER '12,RED,2012,8/10/2015,,,,,PDigwodDLwByNXtBS,,,
560370a2d62d105a0c933438,V5398,http://static.christanfergus.com/images/diecast/DSC00948.JPG,DATSUN BLUEBIRD 510,3A,FASTER THAN EVER '12,RED,2012,2/10/2015,,,,,PDigwodDLwByNXtBS,,,
560370a2d62d105a0c933439,V5396,http://static.christanfergus.com/images/diecast/DSC00970.JPG,FORD GTX1,3A,FASTER THAN EVER '12,WHITE,2012,8/10/2015,,,,,PDigwodDLwByNXtBS,,,
560370a2d62d105a0c93343a,V5459,http://static.christanfergus.com/images/diecast/DSC00950.JPG,VOLKSWAGEN BRASILIA,3A,HEAT FLEET '12,BURGANDY,2012,5/10/2015,,,,,PDigwodDLwByNXtBS,,,
560370a2d62d105a0c93343b,BDR31,http://static.christanfergus.com/images/diecast/IMG_20150730_203035.jpg,1987 TOYOTA PICKUP,3A,HOT WHEELS COOL CLASSICS,GOLD,2014,,,TRUE,,,PDigwodDLwByNXtBS,,,
560370a2d62d105a0c93343c,BDR44,http://static.christanfergus.com/images/diecast/DSC01078.JPG,HONDA S2000,3A,HOT WHEELS COOL CLASSICS,GOLD,2014,23/30,,,,,PDigwodDLwByNXtBS,,,
560370a2d62d105a0c93343d,BDR45,http://static.christanfergus.com/images/diecast/DSC01080.JPG,FORD GT,3A,HOT WHEELS COOL CLASSICS,SILVER,2014,24/30,,,,,PDigwodDLwByNXtBS,,,
560370a2d62d105a0c93343e,BDR46,http://static.christanfergus.com/images/diecast/DSC01082.JPG,65 VOLKSWAGEN FASTBACK,3A,HOT WHEELS COOL CLASSICS,RED,2014,25/30,,,,,PDigwodDLwByNXtBS,,,
560370a2d62d105a0c93343f,BDR43,http://static.christanfergus.com/images/diecast/DSC01126.JPG,84 HURST OLDS,3A,HOT WHEELS COOL CLASSICS,GOLD,2014,22/30,,,,,PDigwodDLwByNXtBS,,,
560370a2d62d105a0c933440,BDR42,http://static.christanfergus.com/images/diecast/IMG_20150627_203421.JPG,69 BOSS 302,3A,HOT WHEELS COOL CLASSICS,TURQUOISE,2014,21/30,,,,,PDigwodDLwByNXtBS,,,
560370a2d62d105a0c933441,V5432,http://static.christanfergus.com/images/diecast/DSC00677.JPG,09 FORD FOCUS RS,3A,HW ALL STARS,RED,2012,9/10/2015,,,,,PDigwodDLwByNXtBS,,,
560370a2d62d105a0c933442,V5426,http://static.christanfergus.com/images/diecast/DSC00878.JPG,ASTON MARTIN ONE-77,3A,HW ALL STARS,WHITE,2012,3/10/2015,,,,,PDigwodDLwByNXtBS,,,
560370a2d62d105a0c933443,V5428,http://static.christanfergus.com/images/diecast/DSC01008.JPG,FERRARI 599XX,3A,HW ALL STARS '12,RED,2012,5/10/2015,,,,,PDigwodDLwByNXtBS,,,
560370a2d62d105a0c933444,V5431,http://static.christanfergus.com/images/diecast/DSC01023.JPG,LAMBORGHINI ESTOQUE,3A,HW ALL STARS '12,YELLOW,2012,8/10/2015,,,,,PDigwodDLwByNXtBS,,,
560370a2d62d105a0c933445,V5567,http://static.christanfergus.com/images/diecast/DSC01033.JPG,FERRARI 458 ITALIA,3A,HW ALL STARS '12,RED,2012,10/10/2015,,,,,PDigwodDLwByNXtBS,,,
560370a2d62d105a0c933446,V5424,http://static.christanfergus.com/images/diecast/DSC00986.JPG,LAMBORGHINI REVENTON,3A,HW ALL STARS '12,RUST,2012,1/10/2015,,,,,PDigwodDLwByNXtBS,,,
560370a2d62d105a0c933447,X1873,http://static.christanfergus.com/images/diecast/DSC00619.JPG,HONDA S2000,3A,HW CITY,RED,2013,,,TRUE,,,PDigwodDLwByNXtBS,,,
560370a2d62d105a0c933448,X1664,http://static.christanfergus.com/images/diecast/DSC00691.JPG,PORSCHE CARRERA GT,3A,HW CITY,RED,2013,,,TRUE,,,PDigwodDLwByNXtBS,,,
560370a2d62d105a0c933449,X1862,http://static.christanfergus.com/images/diecast/DSC00675.JPG,70 TOYOTA CELICA,3A,HW CITY,YELLOW,2013,,,,,,PDigwodDLwByNXtBS,,,
560370a2d62d105a0c93344a,X1733,http://static.christanfergus.com/images/diecast/DSC00685.JPG,SUBARU WRX STI,3A,HW CITY,WHITE,2013,,,,,,PDigwodDLwByNXtBS,,,
560370a2d62d105a0c93344b,X1632,http://static.christanfergus.com/images/diecast/DSC00715.JPG,70 TOYOTA CELICA,3A,HW CITY,GREEN,2013,,,,,,PDigwodDLwByNXtBS,,,
560370a2d62d105a0c93344c,BFC46,http://static.christanfergus.com/images/diecast/DSC00591.JPG,70 TOYOTA CELICA,3A,HW CITY,,2014,,,,,,PDigwodDLwByNXtBS,,,
560370a2d62d105a0c93344d,BFF82,http://static.christanfergus.com/images/diecast/DSC00625.JPG,FIAT 500,3A,HW CITY,,2014,,,,,,PDigwodDLwByNXtBS,,,
560370a2d62d105a0c93344e,BFF91,http://static.christanfergus.com/images/diecast/DSC00637.JPG,LAFERRARI,3A,HW CITY,,2014,,,,,,PDigwodDLwByNXtBS,,,
560370a2d62d105a0c93344f,BFD84,http://static.christanfergus.com/images/diecast/IMG_20150722_204303.jpg,1971 MUSTANG MACH 1,3A,HW CITY 2014 - MUSTANG 50TH,GOLD,2014,,,,,,PDigwodDLwByNXtBS,,,
560370a2d62d105a0c933450,BFG34,http://static.christanfergus.com/images/diecast/IMG_20150823_062656.jpg,70 FORD MUSTANG MACH 1,3A,HW CITY 2014 - MUSTANG 50TH,YELLOW,2014,,,,,,PDigwodDLwByNXtBS,8/23/2015,,
560370a2d62d105a0c933451,BFC44,http://static.christanfergus.com/images/diecast/DSC00585.JPG,TOYOTA SUPRA,3A,HW CITY 2014 - NIGHT BURNERZ,BLUE,2014,2/10/2015,,TRUE,,,PDigwodDLwByNXtBS,,,
560370a2d62d105a0c933452,BFC43,http://static.christanfergus.com/images/diecast/DSC01068.JPG,MAZDA RX-7,3A,HW CITY 2014 - NIGHT BURNERZ,,2014,1/10/2015,,,,,PDigwodDLwByNXtBS,,,
560370a2d62d105a0c933453,BFF72,http://static.christanfergus.com/images/diecast/IMG_20150909_210115.JPG,FERRARI 458 ITALIA,3A,HW CITY 2014 - SPEED TEAM,BLUE,2014,35/250,,,,,PDigwodDLwByNXtBS,9/5/2015,,
560370a2d62d105a0c933454,P2432,http://static.christanfergus.com/images/diecast/DSC00832.JPG,COCKNEY CAB II,3A,HW CITY WORKS,BLACK,2010,6/10/2015,,,,,PDigwodDLwByNXtBS,,,
560370a2d62d105a0c933455,BFF44,http://static.christanfergus.com/images/diecast/DSC00563.JPG,SUBARU IMPREZA WRX,3A,HW OFF-ROAD,BLUE,2014,,,TRUE,,,PDigwodDLwByNXtBS,,,
560370a2d62d105a0c933456,BFG32,http://static.christanfergus.com/images/diecast/DSC00561.JPG,LAND CRUSHER,3A,HW OFF-ROAD,ORANGE,2014,,,,,,PDigwodDLwByNXtBS,,,
560370a2d62d105a0c933457,BFG36,http://static.christanfergus.com/images/diecast/DSC00577.JPG,MONSTER DAIRY DELIVERY,3A,HW OFF-ROAD,BLUE,2014,,,,,,PDigwodDLwByNXtBS,,,
560370a2d62d105a0c933458,BFF52,http://static.christanfergus.com/images/diecast/DSC00615.JPG,DATSUN 620,3A,HW OFF-ROAD,,2014,,,,,,PDigwodDLwByNXtBS,,,
560370a2d62d105a0c933459,BFG24,http://static.christanfergus.com/images/diecast/IMG_20150909_210056.jpg,FAST-BED HAULER,3A,HW OFF-ROAD 2014 - STUNT CIRCUIT,RED,2014,105/250,,,,,PDigwodDLwByNXtBS,9/5/2015,,
560370a2d62d105a0c93345a,BFG64,http://static.christanfergus.com/images/diecast/DSC00605.JPG,BMW E36 M3 RACE,3A,HW RACE,RED,2014,,,,,,PDigwodDLwByNXtBS,,,
560370a2d62d105a0c93345b,BFD19,http://static.christanfergus.com/images/diecast/IMG_20150706_211211.JPG,FIG RIG,3A,HW RACE 2014 - HW RACE TEAM,BLUE,2014,,,,,,PDigwodDLwByNXtBS,,,
560370a2d62d105a0c93345c,BDD07,http://static.christanfergus.com/images/diecast/DSC01074.JPG,BMW E36 M3 RACE,3A,HW RACE 2014 - TRACK ACES,WHITE,2014,9/10/2015,,,,,PDigwodDLwByNXtBS,,,
560370a2d62d105a0c93345d,BGJ68,http://static.christanfergus.com/images/diecast/DSC00669.JPG,2008 TESLA ROADSTER,3A,HW SHOWROOM,CHARCOAL,2013,6/6/2015,,TRUE,Scavenger hunt,,PDigwodDLwByNXtBS,,,
560370a2d62d105a0c93345e,X1786,http://static.christanfergus.com/images/diecast/DSC00687.JPG,NISSAN SKYLINE GT-R (R34),3A,HW SHOWROOM,RED,2013,,,TRUE,,,PDigwodDLwByNXtBS,,,
560370a2d62d105a0c93345f,X1811,http://static.christanfergus.com/images/diecast/DSC00579.JPG,67 CAMARO,3A,HW SHOWROOM,BLACK,2013,,,,,,PDigwodDLwByNXtBS,,,
560370a2d62d105a0c933460,X1990,http://static.christanfergus.com/images/diecast/DSC00623.JPG,LOTUS PROJECT M250,3A,HW SHOWROOM,ORANGE,2013,,,,,,PDigwodDLwByNXtBS,,,
560370a2d62d105a0c933461,X1953,http://static.christanfergus.com/images/diecast/DSC00629.JPG,BMW 2002,3A,HW SHOWROOM,BLUE,2013,,,,,,PDigwodDLwByNXtBS,,,
560370a2d62d105a0c933462,X2031,http://static.christanfergus.com/images/diecast/DSC00631.JPG,92 BMW M3,3A,HW SHOWROOM,BLUE,2013,,,,,,PDigwodDLwByNXtBS,,,
560370a2d62d105a0c933463,X1998,http://static.christanfergus.com/images/diecast/DSC00633.JPG,65 MUSTANG 2+2 FASTBACK,3A,HW SHOWROOM,BLUE,2013,,,,,,PDigwodDLwByNXtBS,,,
560370a2d62d105a0c933464,X2001,http://static.christanfergus.com/images/diecast/DSC00635.JPG,64 CHEVY NOVA STATION WAGON,3A,HW SHOWROOM,MAROON,2013,,,,,,PDigwodDLwByNXtBS,,,
560370a2d62d105a0c933465,X1640,http://static.christanfergus.com/images/diecast/DSC00641.JPG,12 ACURA NSX CONCEPT,3A,HW SHOWROOM,SILVER,2013,,,,possible defect passenger fender,,PDigwodDLwByNXtBS,,,
560370a2d62d105a0c933466,X1844,http://static.christanfergus.com/images/diecast/DSC00673.JPG,TOYOTA 2000 GT,3A,HW SHOWROOM,RED,2013,,,,,,PDigwodDLwByNXtBS,,,
560370a2d62d105a0c933467,X1615,http://static.christanfergus.com/images/diecast/DSC00689.JPG,PORSCHE 918 SPYDER,3A,HW SHOWROOM,SILVER,2013,,,,,,PDigwodDLwByNXtBS,,,
560370a2d62d105a0c933468,X1782,http://static.christanfergus.com/images/diecast/DSC00695.JPG,BMW 2002,3A,HW SHOWROOM,GREEN,2013,,,,,,PDigwodDLwByNXtBS,,,
560370a2d62d105a0c933469,X1981,http://static.christanfergus.com/images/diecast/IMG_20150731_150319.jpg,1987 TOYOTA PICKUP,3A,HW SHOWROOM 2013 - HW HOT TRUCKS,TAN,2013,165/250,,TRUE,,,PDigwodDLwByNXtBS,8/23/2015,,
560370a2d62d105a0c93346a,X1639,http://static.christanfergus.com/images/diecast/DSC00671.JPG,12 MINI COUNTRYMAN RALLY,3A,HW STUNT,GREEN,2013,,,,,,PDigwodDLwByNXtBS,,,
560370a2d62d105a0c93346b,X1731,http://static.christanfergus.com/images/diecast/DSC00693.JPG,CITROEN C4 RALLY,3A,HW STUNT,YELLOW,2013,,,,,,PDigwodDLwByNXtBS,,,
560370a2d62d105a0c93346c,BFF81,http://static.christanfergus.com/images/diecast/DSC00565.JPG,MORRIS MINI,3A,HW WORKSHOP,GREEN,2014,,,,,,PDigwodDLwByNXtBS,,,
560370a2d62d105a0c93346d,BFF04,http://static.christanfergus.com/images/diecast/DSC00573.JPG,NISSAN SKYLINE H/T 2000GT-X,3A,HW WORKSHOP,BLACK,2014,,,,,,PDigwodDLwByNXtBS,,,
560370a2d62d105a0c93346e,BFG75,http://static.christanfergus.com/images/diecast/DSC00601.JPG,68 PLYMOUTH BARRACUDA FORMULA S,3A,HW WORKSHOP,,2014,,,,,,PDigwodDLwByNXtBS,,,
560370a2d62d105a0c93346f,BFF97,http://static.christanfergus.com/images/diecast/DSC00639.JPG,PAGANI HUAYRA,3A,HW WORKSHOP,,2014,,,,,,PDigwodDLwByNXtBS,,,
560370a2d62d105a0c933470,BFF99,http://static.christanfergus.com/images/diecast/DSC01089.JPG,ASTON MARTIN 1963 DB5,3A,HW WORKSHOP - HW ALL STARS,SILVER,2014,10/10/2015,,TRUE,JAMES BOND 007 GOLDFINGER,,PDigwodDLwByNXtBS,,,
560370a2d62d105a0c933471,BFF24,http://static.christanfergus.com/images/diecast/IMG_20150909_210301.jpg,72 FORD GRAN TORINO SPORT,3A,HW WORKSHOP 2014 - HW PERFORMANCE,BLUE,2014,248/250,,,,,PDigwodDLwByNXtBS,9/9/2015,,
560370a2d62d105a0c933472,R7504,http://static.christanfergus.com/images/diecast/DSC01029.JPG,AMC JAVELIN AMX,3A,MUSCLE MANIA '10,BLUE,2010,1/10/2015,,,,,PDigwodDLwByNXtBS,,,
560370a2d62d105a0c933473,R7474,http://static.christanfergus.com/images/diecast/DSC00902.JPG,PURPLE PASSION,3A,MYSTERY,PINK,2010,1/24/2015,,,I OPENED IT. SAD DAY.,,PDigwodDLwByNXtBS,,,
560370a2d62d105a0c933474,R7523,http://static.christanfergus.com/images/diecast/DSC00852.JPG,VOLKWAGEN GOLF GTI,3A,NIGHTBURNERZ,GREEN,2010,10/10/2015,,,,,PDigwodDLwByNXtBS,,,
560370a2d62d105a0c933475,R3727,http://static.christanfergus.com/images/diecast/DSC01006.JPG,SUPER VAN,3A,REAL RIDERS,ORANGE,2010,1/34,,,,,PDigwodDLwByNXtBS,,,
560370a2d62d105a0c933476,Y2151,http://static.christanfergus.com/images/diecast/DSC00643.JPG,64 BUICK RIVIERA,3A,SUPERMAN,,2014,1/6/2015,,,,,PDigwodDLwByNXtBS,,,
560370a2d62d105a0c933477,Y2152,http://static.christanfergus.com/images/diecast/DSC00645.JPG,65 PONTIAC GTO,3A,SUPERMAN,,2014,2/6/2015,,,,,PDigwodDLwByNXtBS,,,
560370a2d62d105a0c933478,Y2154,http://static.christanfergus.com/images/diecast/DSC00647.JPG,CUSTOM '11 CAMARO,3A,SUPERMAN,,2014,3/6/2015,,,,,PDigwodDLwByNXtBS,,,
560370a2d62d105a0c933479,Y2155,http://static.christanfergus.com/images/diecast/DSC00649.JPG,8 CRATE,3A,SUPERMAN,,2014,4/6/2015,,,,,PDigwodDLwByNXtBS,,,
560370a2d62d105a0c93347a,Y2153,http://static.christanfergus.com/images/diecast/DSC00651.JPG,05 FORD MUSTANG GT,3A,SUPERMAN,,2014,5/6/2015,,,,,PDigwodDLwByNXtBS,,,
560370a2d62d105a0c93347b,Y2156,http://static.christanfergus.com/images/diecast/DSC00653.JPG,JADED,3A,SUPERMAN,,2014,6/6/2015,,,,,PDigwodDLwByNXtBS,,,
560370a2d62d105a0c93347c,V5513,http://static.christanfergus.com/images/diecast/DSC00992.JPG,68 EL CAMINO,3A,THRILL RACERS - BEACH '12,ORANGE,2012,4/5/2015,,,,,PDigwodDLwByNXtBS,,,
560370a2d62d105a0c93347d,V5500,http://static.christanfergus.com/images/diecast/DSC00617.JPG,2009 CORVETTE STINGRAY CONCEPT,3A,THRILL RACERS - CITY STUNT '12,BLACK,2012,,,,,,PDigwodDLwByNXtBS,,,
560370a2d62d105a0c93347e,V5502,http://static.christanfergus.com/images/diecast/DSC00974.JPG,CITROEN C4 RALLY,3A,THRILL RACERS - CITY STUNT '12,GREEN,2012,3/5/2015,,,,,PDigwodDLwByNXtBS,,,
560370a2d62d105a0c93347f,V5488,http://static.christanfergus.com/images/diecast/DSC00858.JPG,FLIGHT '03,3A,THRILL RACERS- RACE COURSE '12,MAROON,2012,4/5/2015,,,,,PDigwodDLwByNXtBS,,,
560370a2d62d105a0c933480,V5493,http://static.christanfergus.com/images/diecast/DSC00894.JPG,MITSUBISHI PAJERO,3A,THRILL RACERS- SWAMP RALLY '12,GREEN,2012,4/5/2015,,,,,PDigwodDLwByNXtBS,,,
560370a2d62d105a0c933481,R7440,http://static.christanfergus.com/images/diecast/IMG_20150912_152449.jpg,FORD GTX1,5A,TREASURE HUNTS,BLUE,2010,7/12,,TRUE,,,PDigwodDLwByNXtBS,9/13/2015,TRUE,
560370a2d62d105a0c933482,V5557,http://static.christanfergus.com/images/diecast/DSC00904.JPG,63 STUDEBAKER CHAMP,4A,2011 NEW MODELS,YELLOW,2011,29/50,,TRUE,,,PDigwodDLwByNXtBS,,,
560370a2d62d105a0c933483,T9972,http://static.christanfergus.com/images/diecast/DSC00910.JPG,HONDA S2000,4A,2011 NEW MODELS,GREY,2011,20/50,,TRUE,,,PDigwodDLwByNXtBS,,,
560370a2d62d105a0c933484,T9688,http://static.christanfergus.com/images/diecast/DSC00966.JPG,BACK TO THE FUTURE TIME MACHINE,4A,2011 NEW MODELS,GREY,2011,18/50,,TRUE,,,PDigwodDLwByNXtBS,,,
560370a2d62d105a0c933485,V5556,http://static.christanfergus.com/images/diecast/DSC01011.JPG,53 FORD MUSTANG II CONCEPT,4A,2011 NEW MODELS,BURGANDY,2011,14/50,,,,,PDigwodDLwByNXtBS,,,
560370a2d62d105a0c933486,T9704,http://static.christanfergus.com/images/diecast/DSC01017.JPG,BLVD. BRUISER,4A,2011 NEW MODELS,RUST,2011,34/50,,,,,PDigwodDLwByNXtBS,,,
560370a2d62d105a0c933487,T9703,http://static.christanfergus.com/images/diecast/DSC00848.JPG,NISSAN SKYLINE H/T 2000GT-X,4A,2011 NEW MODELS,WHITE,2011,33/50,,,,,PDigwodDLwByNXtBS,,,
560370a2d62d105a0c933488,V0044,http://static.christanfergus.com/images/diecast/DSC00854.JPG,LAMBORGHINI GALLARDO LP 570-4 SUPERLEGGERA,4A,2011 NEW MODELS,WHITE,2011,9/50,,,,,PDigwodDLwByNXtBS,,,
560370a2d62d105a0c933489,T9973,http://static.christanfergus.com/images/diecast/DSC00856.JPG,69 SHELBY GT-500,4A,2011 NEW MODELS,BLUE,2011,21/50,,,,,PDigwodDLwByNXtBS,,,
560370a2d62d105a0c93348a,V0023,http://static.christanfergus.com/images/diecast/DSC00876.JPG,MINI CHALLENGE,4A,2011 NEW MODELS,BLUE,2011,30/50,,,,,PDigwodDLwByNXtBS,,,
560370a2d62d105a0c93348b,T9956,http://static.christanfergus.com/images/diecast/DSC00880.JPG,MEGANE TROPHY,4A,2011 NEW MODELS,BLACK,2011,16/50,,,,,PDigwodDLwByNXtBS,,,
560370a2d62d105a0c93348c,T9696,http://static.christanfergus.com/images/diecast/DSC00884.JPG,10 BMW M3,4A,2011 NEW MODELS,WHITE,2011,26/50,,,,,PDigwodDLwByNXtBS,,,
560370a2d62d105a0c93348d,T9710,http://static.christanfergus.com/images/diecast/DSC00892.JPG,11 KEN BLOCK FORD FIESTA,4A,2011 NEW MODELS,BLACK,2011,40/50,,,,,PDigwodDLwByNXtBS,,,
560370a2d62d105a0c93348e,T9715,http://static.christanfergus.com/images/diecast/DSC00896.JPG,FERRARI FF,4A,2011 NEW MODELS,RED,2011,45/50,,,,,PDigwodDLwByNXtBS,,,
560370a2d62d105a0c93348f,T9701,http://static.christanfergus.com/images/diecast/DSC00914.JPG,ASTON MARTIN ONE-77,4A,2011 NEW MODELS,GREY,2011,31/50,,,,,PDigwodDLwByNXtBS,,,
560370a2d62d105a0c933490,T9718,http://static.christanfergus.com/images/diecast/DSC00918.JPG,LAMBORGHINI ESTOQUE,4A,2011 NEW MODELS,GREY,2011,48/50,,,,,PDigwodDLwByNXtBS,,,
560370a2d62d105a0c933491,V0034,http://static.christanfergus.com/images/diecast/DSC00920.JPG,VOLKSWAGEN BRASILIA,4A,2011 NEW MODELS,GREEN,2011,8/50,,,,,PDigwodDLwByNXtBS,,,
560370a2d62d105a0c933492,T9982,http://static.christanfergus.com/images/diecast/DSC00922.JPG,68 COPO CAMARO,4A,2011 NEW MODELS,MAROON,2011,25/50,,,,,PDigwodDLwByNXtBS,,,
560370a2d62d105a0c933493,X0092,http://static.christanfergus.com/images/diecast/DSC00932.JPG,NISSAN SKYLINE H/T 2000GT-R,4A,2011 NEW MODELS,WHITE,2011,22/50,,,,,PDigwodDLwByNXtBS,,,
560370a2d62d105a0c933494,V0047,http://static.christanfergus.com/images/diecast/DSC00954.JPG,ASTRO FUNK,4A,2011 NEW MODELS,GREEN,2011,27/50,,,,,PDigwodDLwByNXtBS,,,
560370a2d62d105a0c933495,T9672,http://static.christanfergus.com/images/diecast/DSC00976.JPG,72 FORD GRAN TURISMO SPORT,4A,2011 NEW MODELS,GREEN,2011,2/50,,,,,PDigwodDLwByNXtBS,,,
560370a2d62d105a0c933496,V9461,http://static.christanfergus.com/images/diecast/DSC00996.JPG,HONDA S2000,4A,2011 NEW MODELS,RED,2011,20/50,,,,,PDigwodDLwByNXtBS,,,
560370a2d62d105a0c933497,T9678,,VOLKSWAGEN BRASILIA,4A,2011 NEW MODELS,AQUA,2011,8/244,,,,,PDigwodDLwByNXtBS,8/23/2015,,
560370a2d62d105a0c933498,X5953,http://static.christanfergus.com/images/diecast/DSC00697.JPG,CAMARO Z28,4A,4TH OF JULY,BLUE,2012,1/5/2015,,,,,PDigwodDLwByNXtBS,,,
560370a2d62d105a0c933499,X5954,http://static.christanfergus.com/images/diecast/DSC00699.JPG,TRACK T,4A,4TH OF JULY,GOLD,2012,2/5/2015,,,,,PDigwodDLwByNXtBS,,,
560370a2d62d105a0c93349a,X5955,http://static.christanfergus.com/images/diecast/DSC00701.JPG,RODGER DODGER,4A,4TH OF JULY,RED,2012,3/5/2015,,,,,PDigwodDLwByNXtBS,,,
560370a2d62d105a0c93349b,X5956,http://static.christanfergus.com/images/diecast/DSC00703.JPG,CUSTOM '62 CHEVY,4A,4TH OF JULY,BLUE,2012,4/5/2015,,,,,PDigwodDLwByNXtBS,,,
560370a2d62d105a0c93349c,X5957,http://static.christanfergus.com/images/diecast/DSC00705.JPG,64 LINCOLN CONTINENTAL,4A,4TH OF JULY,RED,2012,5/5/2015,,,,,PDigwodDLwByNXtBS,,,
560370a2d62d105a0c93349d,V4428,http://static.christanfergus.com/images/diecast/DSC00707.JPG,HOT BIRD,4A,CARS OF THE DECADES,SILVER,2011,18/32,,,,,PDigwodDLwByNXtBS,,,
560370a2d62d105a0c93349e,V3903,http://static.christanfergus.com/images/diecast/DSC01002.JPG,VOLKSWAGEN BEETLE,4A,CLOVER CARS,GREEN,2011,6/6/2015,,,,,PDigwodDLwByNXtBS,,,
560370a2d62d105a0c93349f,T9848,http://static.christanfergus.com/images/diecast/DSC00968.JPG,81 DELOREAN DMC-12,4A,FASTER THAN EVER,GREY,2011,1/10/2015,,,,,PDigwodDLwByNXtBS,,,
560370a2d62d105a0c9334a0,T9857,http://static.christanfergus.com/images/diecast/DSC00830.JPG,VOLKSWAGEN TYPE 181,4A,FASTER THAN EVER '11,GREEN,2001,10/10/2015,,,,,PDigwodDLwByNXtBS,,,
560370a2d62d105a0c9334a1,V5211,http://static.christanfergus.com/images/diecast/DSC00908.JPG,VOLKSWAGEN TYPE 181,4A,FASTER THAN EVER '11,RUST,2011,10/10/2015,,,,,PDigwodDLwByNXtBS,,,
560370a2d62d105a0c9334a2,T9849,http://static.christanfergus.com/images/diecast/DSC00958.JPG,AMC JAVELIN AMX,4A,FASTER THAN EVER '11,BROWN,2011,2/10/2015,,,,,PDigwodDLwByNXtBS,,,
560370a2d62d105a0c9334a3,T9806,http://static.christanfergus.com/images/diecast/DSC01037.JPG,CUSTOM VOLKSWAGEN BEETLE,4A,HEAT FLEET '11,BLUE,2011,9/10/2015,,,,,PDigwodDLwByNXtBS,,,
560370a2d62d105a0c9334a4,V0032,http://static.christanfergus.com/images/diecast/DSC01035.JPG,DIXIE CHALLENGER,4A,HW MAIN STREET '11,BLACK,2011,5/10/2015,,,,,PDigwodDLwByNXtBS,,,
560370a2d62d105a0c9334a5,T9840,http://static.christanfergus.com/images/diecast/DSC00866.JPG,TOYOTA LAND CRUISER FJ40,4A,HW PERFORMANCE '11,WHITE,2011,3/10/2015,,TRUE,,,PDigwodDLwByNXtBS,,,
560370a2d62d105a0c9334a6,V0029,http://static.christanfergus.com/images/diecast/DSC00870.JPG,FORD ANGLIA PANEL TRUCK,4A,HW PERFORMANCE '11,BLUE,2011,8/10/2015,,TRUE,,,PDigwodDLwByNXtBS,,,
560370a2d62d105a0c9334a7,V5210,http://static.christanfergus.com/images/diecast/DSC00890.JPG,TOYOTA LAND CRUISER FJ40,4A,HW PERFORMANCE '11,GREY,2011,3/10/2015,,TRUE,,,PDigwodDLwByNXtBS,,,
560370a2d62d105a0c9334a8,V5224,http://static.christanfergus.com/images/diecast/DSC00960.JPG,AMC GREASED GREMLIN,4A,HW PERFORMANCE '11,BLACK,2011,7/10/2015,,TRUE,,,PDigwodDLwByNXtBS,,,
560370a2d62d105a0c9334a9,T9859,http://static.christanfergus.com/images/diecast/DSC00942.JPG,47 WILLYS,4A,HW RACING,BLUE,2011,2/10/2015,,,,,PDigwodDLwByNXtBS,,,
560370a2d62d105a0c9334aa,V0031,http://static.christanfergus.com/images/diecast/DSC01021.JPG,47 WILLYS,4A,HW RACING '11,BLACK,2011,2/10/2015,,,,,PDigwodDLwByNXtBS,,,
560370a2d62d105a0c9334ab,T9866,http://static.christanfergus.com/images/diecast/DSC00930.JPG,92 FORD MUSTANG,4A,HW RACING '11,BLUE,2011,9/10/2015,,,,,PDigwodDLwByNXtBS,,,
560370a2d62d105a0c9334ac,T9942,http://static.christanfergus.com/images/diecast/DSC00972.JPG,66 CHEVY NOVA,4A,HW RACING '11,WHITE,2011,4/10/2015,,,,,PDigwodDLwByNXtBS,,,
560370a2d62d105a0c9334ad,T9775,http://static.christanfergus.com/images/diecast/DSC01013.JPG,SURFIN' SCHOOL BUS,4A,HW VIDEO GAME HEROES '11,YELLOW,2011,10/22/2015,,,,,PDigwodDLwByNXtBS,,,
560370a2d62d105a0c9334ae,T9784,http://static.christanfergus.com/images/diecast/DSC00862.JPG,AMAZOOM,4A,HW VIDEO GAME HEROES '11,GREY,2011,19/22,,,,,PDigwodDLwByNXtBS,,,
560370a2d62d105a0c9334af,V5218,http://static.christanfergus.com/images/diecast/DSC00844.JPG,68 EL CAMINO,4A,MUSCLE MANIA,PURPLE,2011,4/10/2015,,,,,PDigwodDLwByNXtBS,,,
560370a2d62d105a0c9334b0,T9812,http://static.christanfergus.com/images/diecast/DSC01039.JPG,70 PONTIAC GTO,4A,MUSCLE MANIA '11,YELLOW,2011,5/10/2015,,TRUE,,,PDigwodDLwByNXtBS,,,
560370a2d62d105a0c9334b1,T9985,http://static.christanfergus.com/images/diecast/DSC00980.JPG,70 MONTE CARLO,4A,MUSCLE MANIA '11,BLUE,2011,6/10/2015,,,,,PDigwodDLwByNXtBS,,,
560370a2d62d105a0c9334b2,R7522,http://static.christanfergus.com/images/diecast/DSC01031.JPG,DATSUN BLUEBIRD 510,4A,NIGHTBURNERZ,YELLOW,2011,9/10/2015,,,,,PDigwodDLwByNXtBS,,,
560370a2d62d105a0c9334b3,V5223,http://static.christanfergus.com/images/diecast/DSC01045.JPG,PORSCHE 911 GT2,4A,NIGHTBURNERZ,WHITE,2011,9/10/2015,,,,,PDigwodDLwByNXtBS,,,
560370a2d62d105a0c9334b4,T9824,http://static.christanfergus.com/images/diecast/DSC01019.JPG,HONDA CIVIC SI,4A,NIGHTBURNERZ '11,YELLOW,2011,7/10/2015,,,,,PDigwodDLwByNXtBS,,,
560370a2d62d105a0c9334b5,T9825,http://static.christanfergus.com/images/diecast/DSC00956.JPG,LAMBORGHINI REVENTON,4A,NIGHTBURNERZ '11,YELLOW,2011,8/10/2015,,,,,PDigwodDLwByNXtBS,,,
560370a2d62d105a0c9334b6,V0003,http://static.christanfergus.com/images/diecast/DSC00864.JPG,71 MAVERICK GRABBER,4A,STREET BEASTS '11,RED,2011,1/10/2015,,,,,PDigwodDLwByNXtBS,,,
560370a2d62d105a0c9334b7,W1566,http://static.christanfergus.com/images/diecast/DSC01047.JPG,VOLKSWAGEN BEETLE,4A,THE HOT ONES,BLUE,2011,,,,,,PDigwodDLwByNXtBS,,,
560370a2d62d105a0c9334b8,W1551,http://static.christanfergus.com/images/diecast/DSC00860.JPG,PACKIN' PACER,4A,THE HOT ONES,WHITE,2011,,,,,,PDigwodDLwByNXtBS,,,
560370a2d62d105a0c9334b9,W1541,http://static.christanfergus.com/images/diecast/DSC00886.JPG,84 PONTIAC FIERO 2M4,4A,THE HOT ONES,RED,2011,,,,,,PDigwodDLwByNXtBS,,,
560370a2d62d105a0c9334ba,T9892,http://static.christanfergus.com/images/diecast/DSC00946.JPG,OLDS 442 W-30,4A,THRILL RACERS - DESERT,BURGANDY,2011,5/6/2015,,,,,PDigwodDLwByNXtBS,,,
560370a2d62d105a0c9334bb,T9895,http://static.christanfergus.com/images/diecast/DSC01051.JPG,MAD PROPZ,4A,THRILL RACERS - HIGHWAY,BLACK,2011,2/6/2015,,,,,PDigwodDLwByNXtBS,,,
560370a2d62d105a0c9334bc,T9929,http://static.christanfergus.com/images/diecast/DSC01049.JPG,FIRE-EATER,4A,THRILL RACERS - RACEWAY,WHITE,2011,6/6/2015,,,,,PDigwodDLwByNXtBS,,,
560370a2d62d105a0c9334bd,V0033,http://static.christanfergus.com/images/diecast/DSC00607.JPG,FORD GT,4A,THRILL RACERS - RACEWAY '11,BLUE,2011,,,TRUE,,,PDigwodDLwByNXtBS,,,
560370a2d62d105a0c9334be,V0020,http://static.christanfergus.com/images/diecast/DSC00846.JPG,OFF TRACK,4A,THRILL RACERS- DESERT,YELLOW,2011,1/6/2015,,,,,PDigwodDLwByNXtBS,,,
560370a2d62d105a0c9334bf,T9893,http://static.christanfergus.com/images/diecast/DSC00912.JPG,POWER PANEL,4A,THRILL RACERS- DESERT '11,COPPER,2011,6/6/2015,,,,,PDigwodDLwByNXtBS,,,
560370a2d62d105a0c9334c0,T9926,http://static.christanfergus.com/images/diecast/DSC00868.JPG,FORD GT,4A,THRILL RACERS- RACEWAY,ORANGE,2011,3/6/2015,,TRUE,,,PDigwodDLwByNXtBS,,,
560370a2d62d105a0c9334c1,T9911,http://static.christanfergus.com/images/diecast/DSC00898.JPG,SUBARU IMPREZA,4A,THRILL RACERS- VOLCANO '11,YELLOW,2011,6/6/2015,,,,,PDigwodDLwByNXtBS,,,
560370a2d62d105a0c9334c2,T9760,http://static.christanfergus.com/images/diecast/DSC00888.JPG,MORRIS MINI,4A,TRACK STARS,BLUE,2011,10/15/2015,,,,,PDigwodDLwByNXtBS,,,
560370a2d62d105a0c9334c3,T9755,http://static.christanfergus.com/images/diecast/DSC00872.JPG,TRIUMPH TR6,4A,TRACK STARS '11,YELLOW,2011,5/15/2015,,,,,PDigwodDLwByNXtBS,,,
560370a2d62d105a0c9334c4,BDT89,http://static.christanfergus.com/images/diecast/IMG_20150717_181247.jpg,1987 TOYOTA PICKUP,4A,BACK TO THE FUTURE,BLACK,2014,,,TRUE,,,PDigwodDLwByNXtBS,,,
560370a2d62d105a0c9334c5,P2969,http://static.christanfergus.com/images/diecast/not-found.png,AUSTIN MINI VAN,M1,CITY ACTION,RED,2009,13/13,,,,,PDigwodDLwByNXtBS,8/23/2015,,
560370a2d62d105a0c9334c6,W4241,http://static.christanfergus.com/images/diecast/DSC01053.JPG,FERRARI,M1,FERRARI 5-PACK,,2011,,,,,,PDigwodDLwByNXtBS,,,
560370a2d62d105a0c9334c7,W5150,http://static.christanfergus.com/images/diecast/DSC00709.JPG,SURFIN' SCHOOL BUS,4A,HANNA-BARBERA PRESENTS,,,,,,THE JETSONS,,PDigwodDLwByNXtBS,,,
560370a2d62d105a0c9334c8,R4951,http://static.christanfergus.com/images/diecast/not-found.png,LOTUS EUROPA,M1,HERITAGE CLASSICS,YELLOW,2010,6/9/2015,,,,,PDigwodDLwByNXtBS,8/23/2015,,
560370a2d62d105a0c9334c9,R4954,http://static.christanfergus.com/images/diecast/not-found.png,68 CITROEN DS,M1,HERITAGE CLASSICS,BLUE,2010,8/9/2015,,,,,PDigwodDLwByNXtBS,8/23/2015,,
560370a2d62d105a0c9334ca,T1545,http://static.christanfergus.com/images/diecast/not-found.png,67 VOLVO P1800S,M1,HERITAGE CLASSICS,TURQUOISE,2010,2/9/2015,,,,,PDigwodDLwByNXtBS,8/23/2015,,
560370a2d62d105a0c9334cb,BDT92,http://static.christanfergus.com/images/diecast/DSC00581.JPG,LOTUS ESPRIT SI,4A,JAMES BOND 007,WHITE,2013,,,,THE SPY WHO LOVED ME,,PDigwodDLwByNXtBS,8/23/2015,,
560370a2d62d105a0c9334cc,R5006,http://static.christanfergus.com/images/diecast/not-found.png,JUNGLE CRAWLER,M1,JUNGLE EXPLORERS,GREY,2010,3/6/2015,,,,,PDigwodDLwByNXtBS,8/23/2015,,
560370a2d62d105a0c9334cd,BDV29,http://static.christanfergus.com/images/diecast/IMG_20150823_063049.jpg,CATERHAM SUPERLIGHT R500,M1,MBX ADVENTURE CITY,BRG,2013,9/120,,,,,PDigwodDLwByNXtBS,8/23/2015,,
560370a2d62d105a0c9334ce,Y0501,http://static.christanfergus.com/images/diecast/not-found.png,1966 DODGE A100 PICKUP,M1,MBX ADVENTURE CITY,GREEN,2013,11/120,,,,,PDigwodDLwByNXtBS,8/23/2015,,
560370a2d62d105a0c9334cf,BDT27,http://static.christanfergus.com/images/diecast/not-found.png,85 TOYOTA 4RUNNER,M1,MBX EXPLORERS,GREY,2014,37/120,,,,,PDigwodDLwByNXtBS,8/23/2015,,
560370a2d62d105a0c9334d0,W4797,http://static.christanfergus.com/images/diecast/not-found.png,CATERHAM R500 SUPERLIGHT,M1,MBX NATIONAL PARK,BLACK,2012,1/10/2015,,,,,PDigwodDLwByNXtBS,8/23/2015,,
560370a2d62d105a0c9334d1,R5010,http://static.christanfergus.com/images/diecast/not-found.png,VOLKSWAGEN T2 BUS,M1,OUTDOOR SPORTSMAN,CAMO,2010,6/10/2015,,,,,PDigwodDLwByNXtBS,8/23/2015,,
560370a2d62d105a0c9334d2,R0454,http://static.christanfergus.com/images/diecast/not-found.png,09 CATERHAM SUPERLIGHT R500,M1,SPORTS CARS,WHITE,2010,3/15/2015,,,,,PDigwodDLwByNXtBS,8/23/2015,,
560370a2d62d105a0c9334d3,R4964,http://static.christanfergus.com/images/diecast/not-found.png,MORGAN AEROMAX,M1,SPORTS CARS,BLACK,2010,12/15/2015,,,,,PDigwodDLwByNXtBS,8/23/2015,,
560370a2d62d105a0c9334d4,X8350,http://static.christanfergus.com/images/diecast/DSC00655.JPG,34 FORD SEDAN DELIVERY,4A,THE MUPPETS,,2012,,,,,,PDigwodDLwByNXtBS,,,
560370a2d62d105a0c9334d5,X8322,http://static.christanfergus.com/images/diecast/DSC00657.JPG,SUPER VAN,4A,THE MUPPETS,,2012,,,,,,PDigwodDLwByNXtBS,,,
560370a2d62d105a0c9334d6,X8318,http://static.christanfergus.com/images/diecast/DSC00659.JPG,59 CHEVY DELIVERY,4A,THE MUPPETS,,2012,,,,,,PDigwodDLwByNXtBS,,,
560370a2d62d105a0c9334d7,X8321,http://static.christanfergus.com/images/diecast/DSC00661.JPG,BAJA BREAKER,4A,THE MUPPETS,,2012,,,,,,PDigwodDLwByNXtBS,,,
560370a2d62d105a0c9334d8,X8323,http://static.christanfergus.com/images/diecast/DSC00663.JPG,MIDNIGHT OTTO,4A,THE MUPPETS,,2012,,,,,,PDigwodDLwByNXtBS,,,
560370a2d62d105a0c9334d9,X8311,http://static.christanfergus.com/images/diecast/DSC00665.JPG,DAIRY DELIVERY,4A,THE MUPPETS,,2012,,,,,,PDigwodDLwByNXtBS,,,
560370a2d62d105a0c9334da,CFV97,http://static.christanfergus.com/images/diecast/IMG_20150909_210609.jpg,FORD GT40,M1,,YELLOW,2015,22/120,,,,,PDigwodDLwByNXtBS,9/9/2015,,
560370a2d62d105a0c9334db,CFL65,http://static.christanfergus.com/images/diecast/IMG_20150920_153725.jpg,HOT WHEELS FORD TRANSIT CONNECT,2A,HW OFF-ROAD 2015 - HOT WHEELS TEST FACILITY,GREEN,2015,98/250,,TRUE,,,PDigwodDLwByNXtBS,9/17/2015,,
560370a2d62d105a0c9334dc,CFH06,http://static.christanfergus.com/images/diecast/IMG_20150926_081510.jpg,15 JAGUAR F-TYPE PROJECT 7 ,2A,HW RACE 2015 - TRACK ACES,GREEN,2015,185/250,,TRUE,,,PDigwodDLwByNXtBS,9/27/2015,,
560370a2d62d105a0c9334dd,DHR77,http://static.christanfergus.com/images/diecast/IMG_20151001_075941.jpg,PORSCHE 934 TURBO RSR,5A,HW SPEED GRAPHICS,FALKEN,2016,6/10,,TRUE,Falken Tire livery,,PDigwodDLwByNXtBS,10/4/2015,,
560370a2d62d105a0c9334de,K76155,http://static.christanfergus.com/images/diecast/IMG_20151001_194815.jpg,CORVETTE C6R,5A,TREASURE HUNTS,BLACK,2007,124/180,,TRUE,Black with yellow racing stripes. ,,PDigwodDLwByNXtBS,10/4/2015,TRUE,
560370a2d62d105a0c9334df,DHT28,http://static.christanfergus.com/images/diecast/IMG_20151001_080015.jpg,TESLA ROADSTER,5A,HW GREEN SPEED,RED,2016,1/5,,,,,PDigwodDLwByNXtBS,10/4/2015,,
560370a2d62d105a0c9334e0,CFK79,http://static.christanfergus.com/images/diecast/IMG_20151001_080038.jpg,LANCIA STRATOS,2A,HW RACE 2015 - HW RACE TEAM,BLUE,2015,133/250,,,,,PDigwodDLwByNXtBS,10/4/2015,,
560370a2d62d105a0c9334e1,CFH13,http://static.christanfergus.com/images/diecast/IMG_20151001_080059.jpg,96 Nissan 180SX Type  X,2A,HW Workshop 2015 - Night Burnerz,Maroon,2015,205/250,,,,,PDigwodDLwByNXtBS,10/4/2015,,
560370a2d62d105a0c9334e2,DHR74,http://static.christanfergus.com/images/diecast/IMG_20151001_080120.jpg,Dodge Challenger Drift Car,5A,HW Speed Graphics,Maroon,2016,3/10,,,,,PDigwodDLwByNXtBS,10/4/2015,,
560370a2d62d105a0c9334e3,CFM00,http://static.christanfergus.com/images/diecast/IMG_20151004_132511.jpg,74 Brazilian Dodge Charger,2A,HW Workshop 2015 - Heat Fleet,Turquoise,2015,206/250,,,,,PDigwodDLwByNXtBS,10/4/2015,,
560370a2d62d105a0c9334e4,CFL82,http://static.christanfergus.com/images/diecast/IMG_20151004_132440.jpg,Mad Manga,2A,HW City 2015 - HW Art Cars,Black,2015,30/250,,TRUE,,,PDigwodDLwByNXtBS,10/4/2015,,
560370a2d62d105a0c9334e5,CFH90,http://static.christanfergus.com/images/diecast/IMG_20151004_141841.jpg,Toyota Supra,2A,HW Workshop 2015 - Night Burnerz,Red,2015,201/250,,,,,PDigwodDLwByNXtBS,10/4/2015,,
560370a2d62d105a0c9334e6,CFN64,http://static.christanfergus.com/images/diecast/IMG_20151024_135424.jpg,BMW 2002,3A,Real Riders,Silver,2015,11/18,,True,,,PDigwodDLwByNXtBS,10/24/2015,,
560370a2d62d105a0c9334e7,CFM07,http://static.christanfergus.com/images/diecast/IMG_20151024_135523.jpg,67 Austin Mini Van,2A,HW City 2015 - HW Art Cars,Blue,2015,27/250,,,,,PDigwodDLwByNXtBS,10/24/2015,,
560370a2d62d105a0c9334e8,CFL28,http://static.christanfergus.com/images/diecast/IMG_20151024_135558.jpg,90 Acura NSX,2A,HW Workshop 2015 - HW Garage,White,2015,218/250,,,,,PDigwodDLwByNXtBS,10/24/2015,,
560370a2d62d105a0c9334e9,BFC97,http://static.christanfergus.com/images/diecast/IMG_20151024_135633.jpg,12 Ford Fiesta,5A,HW Off-Road 2014 - Road Rally,White,2014,106/250,,,,,PDigwodDLwByNXtBS,10/24/2015,TRUE,
560370a2d62d105a0c9334ea,CFH88,http://static.christanfergus.com/images/diecast/IMG_20151024_135719.jpg,Lamborghini Sesto Elemento,2A,HW Workshop 2015 - Night Burnerz,Green,2015,198/250,,,,,PDigwodDLwByNXtBS,10/24/2015,,
560370a2d62d105a0c9334eb,CFL35,http://static.christanfergus.com/images/diecast/IMG_20151024_135746.jpg,Aston Martin Vantage GT3,2A,HW Race 2015 - World Race,Black,2015,149/250,,True,,,PDigwodDLwByNXtBS,10/24/2015,,
560370a2d62d105a0c9334ec,CFK70,http://static.christanfergus.com/images/diecast/IMG_20151024_135812.jpg,Subaru Brat,3A,HW Off-Road 2015 - HW Hot Trucks,Blue,2015,123/250,,True,,,PDigwodDLwByNXtBS,10/24/2015,,
560370a2d62d105a0c9334ed,CFH70,http://static.christanfergus.com/images/diecast/IMG_20151024_135903.jpg,HW City 2015 - HW Rescue,3A,HW City 2015 - HW Rescue,Blue,2015,50/250,,True,,,PDigwodDLwByNXtBS,10/24/2015,,
560370a2d62d105a0c9334ee,CFR15,http://static.christanfergus.com/images/diecast/IMG_20151107_150218.jpg ,Time Machine Hover Mode,4A,Hot Wheels Entertainment,Grey,2015,NA,,True,Hover mode!,,PDigwodDLwByNXtBS,11/7/2015,,
560370a2d62d105a0c9334ef,CFJ00,http://static.christanfergus.com/images/diecast/IMG_20151107_150319.jpg,63 Studebaker Champ,4A,HW Workshop 2015 - Heat Fleet,Turquoise,2015,214/250,,,,,PDigwodDLwByNXtBS,11/7/2015,,
560370a2d62d105a0c9334f0,DHP34,http://static.christanfergus.com/images/diecast/IMG_20151107_153537.jpg,Batmobile,5A,Batman,Black,2016,5/5,,,,,PDigwodDLwByNXtBS,11/7/2015,,
560370a2d62d105a0c9334f1,DHY01,http://static.christanfergus.com/images/diecast/IMG_20151107_153747.jpg,Subaru Brat,4A,HW Off-Road 2015 - HW Hot Trucks,Tan,2015,123/250,,True,Kmart Special,,PDigwodDLwByNXtBS,11/7/2015,,
560370a2d62d105a0c9334f2,DHY03,http://static.christanfergus.com/images/diecast/IMG_20151107_153952.jpg,1971 Buick Riviera,4A,HW City 2015 - HW Performance,Blue,2015,15/250,,,Kmart Special,,PDigwodDLwByNXtBS,11/7/2015,,
560370a2d62d105a0c9334f3,DHY04,http://static.christanfergus.com/images/diecast/IMG_20151107_154013.jpg,70 Chevy Chevelle,4A,HW City 2015 - Speed Team,Green,2015,194/250,,,Kmart Special,,PDigwodDLwByNXtBS,11/7/2015,,
560370a2d62d105a0c9334f4,DHR26,http://static.christanfergus.com/images/diecast/IMG_20151107_153613.jpg,15 JAGUAR F-TYPE PROJECT 7 ,5A,HW Showroom ,Red,2016,1/10,,,,,PDigwodDLwByNXtBS,11/7/2015,,
560370a2d62d105a0c9334f5,DHR16,http://static.christanfergus.com/images/diecast/IMG_20151107_153829.jpg,Aston Martin 1963 DB5,5A,Then And Now,Red,2016,1/10,,,,,PDigwodDLwByNXtBS,11/7/2015,,
560370a2d62d105a0c9334f6,DHR28,http://static.christanfergus.com/images/diecast/IMG_20151107_153912.jpg,Volkswagen Caddy,5A,HW Showroom ,Maroon,2016,3/10,,,,,PDigwodDLwByNXtBS,11/7/2015,,
560370a2d62d105a0c9334f7,DHR08,http://static.christanfergus.com/images/diecast/IMG_20151107_153932.jpg,77 Pontiac Firebird,5A,HW Flames,Maroon,2016,3/10,,,,,PDigwodDLwByNXtBS,11/7/2015,,
560370a2d62d105a0c9334f8,CFJ10,http://static.christanfergus.com/images/diecast/IMG_20151120_201900.jpg,14 Corvette Stingray,4A,HW Workshop 2015 - Muscle Mania,Yellow,2015,233/250,,,,,PDigwodDLwByNXtBS,11/20/2015,,
560370a2d62d105a0c9334f9,CFL97,http://static.christanfergus.com/images/diecast/IMG_20151120_202024.jpg,Two Timer,4A,HW Race 2015 - Track Aces,Grey,2015,177/250,,,,,PDigwodDLwByNXtBS,11/20/2015,,TRUE
560370a2d62d105a0c9334fa,DHT32,http://static.christanfergus.com/images/diecast/IMG_20151120_202236.jpg,Sting Rod II,5A,Dino Riders,Yellow,2016,1/5,,,,,PDigwodDLwByNXtBS,11/20/2015,,
560370a2d62d105a0c9334fb,DHR75,http://static.christanfergus.com/images/diecast/IMG_20151120_202320.jpg,13 Chevrolet Copo Camaro,5A,HW Speed Graphics,Orange,2016,4/10,,,,,PDigwodDLwByNXtBS,11/20/2015,,
560370a2d62d105a0c9334fc,DHP09,http://static.christanfergus.com/images/diecast/IMG_20151120_202402.jpg,Hi-Roller,5A,HW Showroom ,Blue,2016,8/10,,,,,PDigwodDLwByNXtBS,11/21/2015,,
560370a2d62d105a0c9334fd,DHR73,http://static.christanfergus.com/images/diecast/IMG_20151120_202440.jpg,Toyota Supra,5A,HW Speed Graphics,Green,2016,2/10,,,,,PDigwodDLwByNXtBS,11/21/2015,,
560370a2d62d105a0c9334fe,DHR11,http://static.christanfergus.com/images/diecast/IMG_20151120_202544.jpg,41 Willys,5A,HW Flames,Blue,2016,6/10,,,,,PDigwodDLwByNXtBS,11/21/2015,,
560370a2d62d105a0c9334ff,DHP22,http://static.christanfergus.com/images/diecast/IMG_20151120_202616.jpg,Cruise Bruiser,5A,HW Daredevils ,Orange,2016,5/10,,True,,,PDigwodDLwByNXtBS,11/21/2015,,
560370a2d62d105a0c933500,DLP32,http://static.christanfergus.com/images/diecast/IMG_20151124_215842.jpg,FLIGHT '03,5A,Snowflake Edition,Yellow,2016,,,,Target Exclusive Deco Snowflake ,,PDigwodDLwByNXtBS,11/24/2015,,
560370a2d62d105a0c933501,DHR22,http://static.christanfergus.com/images/diecast/IMG_20151120_202705.jpg,14 Corvette Stingray,5A,Then And Now,White,2016,7/10,,,,,PDigwodDLwByNXtBS,11/21/2015,,
560370a2d62d105a0c933502,DHR29,http://static.christanfergus.com/images/diecast/IMG_20151120_202752.jpg,Back To The Future Time Machine - Hover Mode,5A,HW Screen Time,Grey,2016,1/5,,True,,,PDigwodDLwByNXtBS,11/21/2015,,
560370a2d62d105a0c933503,DHR18,http://static.christanfergus.com/images/diecast/IMG_20151120_202831.jpg,90 Acura NSX,5A,Then And Now,Blue,2016,3/10,,,,,PDigwodDLwByNXtBS,11/21/2015,,
560370a2d62d105a0c933504,DHP83,http://static.christanfergus.com/images/diecast/IMG_20151120_202914.jpg,Corvette Stingray,5A,HW Mild To Wild,Maroon,2016,3/10,,,,,PDigwodDLwByNXtBS,11/21/2015,,
560370a2d62d105a0c933505,DHR58,http://static.christanfergus.com/images/diecast/IMG_20151120_203001.jpg,12 Ford Fiesta,5A,HW Snow Stormers,White,2016,2/5,,,,,PDigwodDLwByNXtBS,11/21/2015,,
560370a2d62d105a0c933506,DHR78,http://static.christanfergus.com/images/diecast/IMG_20151120_203041.jpg,Ford GT,5A,HW Speed Graphics,Gulf,2016,7/10,,True,Gulf Livery,,PDigwodDLwByNXtBS,11/21/2015,,
560370a2d62d105a0c933507,DHP27,http://static.christanfergus.com/images/diecast/IMG_20151120_203124.jpg,Nissan Fairlady Z,5A,HW Speed Graphics,Blue,2016,9/10,,True,Need For Speed,,PDigwodDLwByNXtBS,11/21/2015,,
560370a2d62d105a0c933508,CFL30,http://static.christanfergus.com/images/diecast/IMG_20151120_203201.jpg,70 Ford Escort RS1600,4A,HW Workshop 2015 - HW Garage,White,2015,221/250,,True,,,PDigwodDLwByNXtBS,11/21/2015,,
560370a2d62d105a0c933509,CFK67,http://static.christanfergus.com/images/diecast/IMG_20151120_203258.jpg,Toyota Off-Road Truck ,4A,HW Off-Road 2015 - HW Hot Trucks,Red,2015,120/250,,,,,PDigwodDLwByNXtBS,11/21/2015,,
560370a2d62d105a0c93350a,CFH13,http://static.christanfergus.com/images/diecast/IMG_20151120_203337.jpg,96 Nissan 180SX Type  X,4A,HW Workshop 2015 - Night Burnerz,Maroon,2015,205/250,,,,,PDigwodDLwByNXtBS,11/21/2015,,
560370a2d62d105a0c93350b,CFL19,http://static.christanfergus.com/images/diecast/IMG_20151124_215623.jpg,Fast Fortress,2A,HW Off-Road 2015 - Sky Show,Yellow,2015,93/250,,,,,PDigwodDLwByNXtBS,11/24/2015,,
560370a2d62d105a0c93350c,CFL86,http://static.christanfergus.com/images/diecast/IMG_20151120_203438.jpg,CUSTOM '62 CHEVY,4A,HW City 2015 - Surf Patrol,Turquoise,2015,72/250,,,,,PDigwodDLwByNXtBS,11/21/2015,,
560370a2d62d105a0c93350d,CFJ21,http://static.christanfergus.com/images/diecast/IMG_20151124_215646.jpg,52 Chevy,2A,HW Workshop - Then And Now,Red,2015,244/250,,True,,,PDigwodDLwByNXtBS,11/24/2015,,
560370a2d62d105a0c93350e,DHR49,http://static.christanfergus.com/images/diecast/IMG_20151120_203513.jpg,67 Chevy C10,5A,HW Hot Trucks,Black,2016,3/10,,,,,PDigwodDLwByNXtBS,11/21/2015,,
560370a2d62d105a0c93350f,CFJ58,http://static.christanfergus.com/images/diecast/IMG_20151124_215712.jpg,Hiway Hauler 2,2A,HW City - HW Art Cars,Yellow,2015,28/250,,,,,PDigwodDLwByNXtBS,11/24/2015,,
560370a2d62d105a0c933510,DHP11,http://static.christanfergus.com/images/diecast/IMG_20151120_203553.jpg,Porsche 356A Outlaw,5A,HW Showroom ,Black,2016,10/10,,True,,,PDigwodDLwByNXtBS,11/21/2015,,
560370a2d62d105a0c933511,CFK94,http://static.christanfergus.com/images/diecast/IMG_20151124_215738.jpg,Mastretta MXR,2A,HW Race - World Race,Red,2015,151/250,,True,,,PDigwodDLwByNXtBS,11/24/2015,,
560370a2d62d105a0c933512,DHR37,http://static.christanfergus.com/images/diecast/IMG_20151120_203637.jpg,Camaro Z28,5A,Muscle Mania,Blue,2016,6/10,,,,,PDigwodDLwByNXtBS,11/21/2015,,
560370a2d62d105a0c933513,CFH07,http://static.christanfergus.com/images/diecast/IMG_20151124_215800.jpg,BMW M4,2A,HW City - Street Power,Blue,2015,24/250,,,,,PDigwodDLwByNXtBS,11/24/2015,,
560370a2d62d105a0c9334ge,DHR12,http://static.christanfergus.com/images/diecast/IMG_20151120_203709.jpg,52 Hudson Hornet,5A,HW Flames,Red,2016,7/10,,,,,PDigwodDLwByNXtBS,11/21/2015,,
560370a2d62d105a0c9334gf,DHT30,http://static.christanfergus.com/images/diecast/IMG_20151124_215820.jpg,Super Volt,5A,HW Green Speed,Blue,2016,3/5,,,Target snowflake card ,,PDigwodDLwByNXtBS,11/24/2015,,
560370a2d62d105a0c9334gf,DHP17,http://static.christanfergus.com/images/diecast/IMG_20151120_203742.jpg,Custom '72 Chevy Luv,5A,HW Hot Trucks,Yellow,2016,8/10,,,,,PDigwodDLwByNXtBS,11/21/2015,,
560370a2d62d105a0c9334h0,CFK10,http://static.christanfergus.com/images/diecast/IMG_20151121_141406.jpg,Custom '12 Ford Mustang,4A,HW Workshop 2015 - HW Drift Race,White,2015,240/250,,,,,PDigwodDLwByNXtBS,11/21/2015,,
560370a2d62d105a0c9334h1,DHR48,http://static.christanfergus.com/images/diecast/IMG_20151121_141437.jpg,Lamborghini Urus,5A,HW Hot Trucks,Blue,2016,2/10,,,,,PDigwodDLwByNXtBS,11/21/2015,,
560370a2d62d105a0c9334h2,CFJ66,http://static.christanfergus.com/images/diecast/IMG_20151121_141515.jpg,Pedal Driver,4A,HW City 2015 - Surf Patrol,Turquoise,2015,74/250,,,,,PDigwodDLwByNXtBS,11/21/2015,,
560370a2d62d105a0c9334h3,CGB74,http://static.christanfergus.com/images/diecast/IMG_20151121_141542.jpg,Lotus Esprit S1,4A,007,White,2015,5/5,,,The Spy Who Loved Me,,PDigwodDLwByNXtBS,11/21/2015,,
560370a2d62d105a0c9334h4,CGB79,http://static.christanfergus.com/images/diecast/IMG_20151121_141603.jpg,Aston Martin 1963 DB5,4A,007,Silver,2015,4/5,,,Skyfall,,PDigwodDLwByNXtBS,11/21/2015,,
560370a2d62d105a0c9334h5,DHR19,http://static.christanfergus.com/images/diecast/IMG_20151122_145132.jpg,71 Dodge Challenger,5A,Then And Now,Blue,2016,4/10,,,,,PDigwodDLwByNXtBS,11/22/2015,,
560370a2d62d105a0c9334h6,DHR31,http://static.christanfergus.com/images/diecast/IMG_20151122_145112.jpg,Great Gatspeed ,5A,HW Showroom ,Yellow,2016,6/10,,,,,PDigwodDLwByNXtBS,11/22/2015,,
560370a2d62d105a0c9334h7,DHR09,http://static.christanfergus.com/images/diecast/IMG_20151122_145048.jpg,69 Dodge Coronet Superbee,5A,HW Flames,Green,2016,4/10,,,,,PDigwodDLwByNXtBS,11/22/2015,,
560370a2d62d105a0c9334h8,DHR06,http://static.christanfergus.com/images/diecast/IMG_20151124_215531.jpg,69 Dodge Charger,5A,HW Flames,Yellow,2016,1/10,,,,,PDigwodDLwByNXtBS,11/24/2015,,
560370a2d62d105a0c9334h9,DHR07,http://static.christanfergus.com/images/diecast/IMG_20151124_215557.jpg,67 Chevelle SS 396,5A,HW Flames,Green,2016,2/10,,,,,PDigwodDLwByNXtBS,11/24/2015,,