dc_toy_num,dc_img_url,dc_model_name,dc_bin_num,dc_series,dc_color,dc_year,dc_series_num,dc_collector_num,dc_favourite,dc_notes,dc_duplicate,createdBy
14907,768,CHEVY 1500,1A,1996 FIRST EDITIONS,,1996,2/12,367,,,,PDigwodDLwByNXtBS
14908,772,1970 DODGE CHARGER DAYTONA,1A,1996 FIRST EDITIONS,,1996,3/12,382,,,,PDigwodDLwByNXtBS
14909,774,SIZZLERS,1A,1996 FIRST EDITIONS,,1996,8/12,369,,,,PDigwodDLwByNXtBS
14910,764,RAIL RODDER,1A,1996 FIRST EDITIONS,,1996,5/12,370,,,,PDigwodDLwByNXtBS
14911,776,ROAD ROCKET,1A,1996 FIRST EDITIONS,,1996,7/12,371,,,,PDigwodDLwByNXtBS
14913,719,STREET CLEAVER,1A,1996 FIRST EDITIONS,,1996,4/12,373,,,,PDigwodDLwByNXtBS
14914-0910G1,758,RADIO FLYER WAGON,1A,1996 FIRST EDITIONS,,1996,9/12,374,,POSSIBLE DEFECT-MADE IN CHINA,,PDigwodDLwByNXtBS
14914-0918,760,RADIO FLYER WAGON,1A,1996 FIRST EDITIONS,,1996,9/12,374,,,,PDigwodDLwByNXtBS
14915,766,DOGFIGHTER,1A,1996 FIRST EDITIONS,,1996,10/12,375,,,,PDigwodDLwByNXtBS
14916,762,TWANG THANG,1A,1996 FIRST EDITIONS,,1996,11/12,376,,,,PDigwodDLwByNXtBS
14917,770,FERRARI F50,1A,1996 FIRST EDITIONS,RED,1996,12/12,377,,,,PDigwodDLwByNXtBS
15218,840,DODGE RAM 1500 (1995),1A,RACE TRUCK SERIES,SILVER,1996,1/4,380,,,,PDigwodDLwByNXtBS
16938,740,SILHOUETTE II,1A,DEALER'S CHOICE SERIES,BLUE,1997,1/4,565,,,,PDigwodDLwByNXtBS
16939,744,STREET BEAST,1A,DEALER'S CHOICE SERIES,WHITE,1997,2/4,566,,,,PDigwodDLwByNXtBS
16940,746,BAJA BUG,1A,DEALER'S CHOICE SERIES,MAROON,1997,3/4,567,,,,PDigwodDLwByNXtBS
16941,748,63 CORVETTE,1A,DEALER'S CHOICE SERIES,BLACK,1997,4/4,568,,,,PDigwodDLwByNXtBS
16662,782,FIREBIRD FUNNY CAR,1A,1997 FIRST EDITIONS,,1997,1/12,509,,,,PDigwodDLwByNXtBS
16666,784,FORD F-150,1A,1997 FIRST EDITIONS,,1997,2/12,513,,,,PDigwodDLwByNXtBS
16667,790,WAY 2 FAST,1A,1997 FIRST EDITIONS,,1997,7/12,514,,,,PDigwodDLwByNXtBS
16668,794,97 CORVETTE,1A,1997 FIRST EDITIONS,,1997,11/12,515,,,,PDigwodDLwByNXtBS
16669,792,MERCEDES C-CLASS,1A,1997 FIRST EDITIONS,,1997,10/12,516,,,,PDigwodDLwByNXtBS
16670,788,59 CHEVY IMPALA,1A,1997 FIRST EDITIONS,,1997,5/12,517,,,,PDigwodDLwByNXtBS
16671,711,BMW M ROADSTER,1A,1997 FIRST EDITIONS,SILVER,1997,6/12,518,,,,PDigwodDLwByNXtBS
16673,786,SALTFLAT RACER,1A,1997 FIRST EDITIONS,,1997,4/12,520,,,,PDigwodDLwByNXtBS
16915,730,MONEYED MADNESS,1A,BIFF! BAM! BOOM! SERIES,BLUE,1997,2/4,542,,,,PDigwodDLwByNXtBS
18795,750,ALIEN,1A,ARTISTIC LICENSE SERIES,WHITE,1998,1/4,729,,,,PDigwodDLwByNXtBS
18796,752,57 CHEVY,1A,ARTISTIC LICENSE SERIES,GREY,1998,2/4,730,,,,PDigwodDLwByNXtBS
18797,754,VW BUG,1A,ARTISTIC LICENSE SERIES,WHITE,1998,3/4,731,,,,PDigwodDLwByNXtBS
18798,756,1970 PLYMOUTH BARRACUDA,1A,ARTISTIC LICENSE SERIES,BLACK,1998,4/4,732,,,,PDigwodDLwByNXtBS
18143,1041,ESCORT RALLY,1A,1998 FIRST EDITIONS,WHITE,1998,1/48,637,X,,,PDigwodDLwByNXtBS
18530,804,MERCEDES SLK,1A,1998 FIRST EDITIONS,,1998,11/40,646,,,,PDigwodDLwByNXtBS
18531,800,CHAPARRAL 2,1A,1998 FIRST EDITIONS,WHITE,1998,28/40,669,X,,,PDigwodDLwByNXtBS
18535,796,70 ROADRUNNER,1A,1998 FIRST EDITIONS,,1998,17/40,661,,,,PDigwodDLwByNXtBS
18536,818,CALLWAY C-7,1A,1998 FIRST EDITIONS,,1998,31/40,677,,,,PDigwodDLwByNXtBS
18540,822,LAKESTER,1A,1998 FIRST EDITIONS,,1998,12/40,647,,,,PDigwodDLwByNXtBS
18542,820,MUSTANG COBRA,1A,1998 FIRST EDITIONS,,1998,18/40,665,,,,PDigwodDLwByNXtBS
18544,814,IROC FIREBIRD,1A,1998 FIRST EDITIONS,,1998,16/40,653,,,,PDigwodDLwByNXtBS
18545,667,PANOZ GTR-1,1A,1998 FIRST EDITIONS,WHITE,1998,19/40,657,X,,,PDigwodDLwByNXtBS
18587,810,32 FORD,1A,1998 FIRST EDITIONS,,1998,7/40,636,,,,PDigwodDLwByNXtBS
18674,798,40 FORD,1A,1998 FIRST EDITIONS,,1998,20/40,654,,,,PDigwodDLwByNXtBS
18678,816,HOT SEAT,1A,1998 FIRST EDITIONS,,1998,13/40,648,,,,PDigwodDLwByNXtBS
18840,812,SUPER COMP DRAGSTER,1A,1998 FIRST EDITIONS,,1998,22/40,655,,,,PDigwodDLwByNXtBS
18841,824,TOW JAM,1A,1998 FIRST EDITIONS,,1998,25/40,658,,,,PDigwodDLwByNXtBS
18842,808,SOLAR EAGLE III,1A,1998 FIRST EDITIONS,,1998,23/40,650,,,,PDigwodDLwByNXtBS
18843,826,AT-A-TUDE,1A,1998 FIRST EDITIONS,,1998,34/40,667,,,,PDigwodDLwByNXtBS
18847,828,BAD MUDDER,1A,1998 FIRST EDITIONS,,1998,33/40,662,,,,PDigwodDLwByNXtBS
18850,802,FORD GT-90,1A,1998 FIRST EDITIONS,,1998,14/40,668,,,,PDigwodDLwByNXtBS
18856,806,WHATTA DRAG,1A,1998 FIRST EDITIONS,,1998,36/40,673,,,,PDigwodDLwByNXtBS
18852,IMG_20150711_205012.jpg,PORSCHE 911 GT1-98,1A,1999 FIRST EDITIONS,WHITE,1999,25/26,676,X,,,PDigwodDLwByNXtBS
21068,IMG_20150721_202141.jpg,FORD GT-40,1A,1999 FIRST EDITIONS,BLUE,1999,16/26,921,X,,,PDigwodDLwByNXtBS
21073,IMG_20150718_152837.jpg,MERCEDES CLK-LM,1A,1999 FIRST EDITIONS,SILVER,1999,26/26,926,X,,,PDigwodDLwByNXtBS
21074,780,56 FORD TRUCK,1A,1999 FIRST EDITIONS,,1999,22/26,927,,,,PDigwodDLwByNXtBS
21075,778,CHRYSLER PRONTO,1A,1999 FIRST EDITIONS,,1999,23/26,928,,,,PDigwodDLwByNXtBS
21319,IMG_20150629_203550,PIKES PEAK CELICA,1A,SUGAR RUSH SERIES 2,WHITE,1999,3/4,971,,SWEET TARTS,,PDigwodDLwByNXtBS
52938,IMG_20150722_204236.jpg,LANCIA STRATOS,1A,2002 FIRST EDITIONS,RED,2002,25/42,037,,,,PDigwodDLwByNXtBS
B3566,928,DAIRY DELIVERY,1A,2004 FIRST EDITIONS - BLINGS,WHITE,2004,12/100,012,,,,PDigwodDLwByNXtBS
G6723,926,BLOCK 'O WOOD,1A,2005 FIRST EDITIONS - BLINGS,WOOD/BURGANDY,2005,8/10,038,,,,PDigwodDLwByNXtBS
K6138,916,SHELBY COBRA DAYTONA COUPE,1A,2007 NEW MODELS,SILVER,2007,6/36,,,,,PDigwodDLwByNXtBS
K7639,964,AUDACIOUS,1A,CODE CAR,BLACK,2007,4/24,,,,,PDigwodDLwByNXtBS
R0931,982,81 DELOREAN DMC-12,,2010 NEW MODELS,GOLD,2010,15/44,,,,,PDigwodDLwByNXtBS
R0947,713,62 FORD MUSTANG CONCEPT,,2010 NEW MODELS,,2010,28/44,,,,,PDigwodDLwByNXtBS
R0953,1015,71 MAVERICK GRABBER,,2010 NEW MODELS,,2010,33/44,,,,,PDigwodDLwByNXtBS
R7504,1029,AMC JAVELIN AMX,,MUSCLE MANIA '10,,2010,1/10,,,,,PDigwodDLwByNXtBS
R7523,852,VOLKWAGEN GOLF GTI,,NIGHTBURNERZ,,2010,10/10,,,,,PDigwodDLwByNXtBS
R7545,1000,SCIROCCO GT 24,,ALL STARS '10,,2010,2/10,,,,,PDigwodDLwByNXtBS
R7551,952,VOLKSWAGEN SP2,,ALL STARS '10,,2010,8/10,,,,,PDigwodDLwByNXtBS
R7553,998,FERRARI 308 GTS,,ALL STARS '10,,2010,10/10,,,,,PDigwodDLwByNXtBS
R7554,1027,CUSTOM V-8 VEGA,,FASTER THAN EVER '10,,2010,1/10,,,,DUP,PDigwodDLwByNXtBS
R7554,882,CUSTOM V-8 VEGA,,FASTER THAN EVER '10,,2010,1/10,,,,,PDigwodDLwByNXtBS
V4428,707,HOT BIRD,,CARS OF THE DECADES,SILVER,2010,18/32,,,,,PDigwodDLwByNXtBS
V5399,874,ASTON MARTIN DBS,,FASTER THAN EVER,MAROON,2010,9/10,,,,,PDigwodDLwByNXtBS
T9688,966,BACK TO THE FUTURE TIME MACHINE,,2011 NEW MODELS,GREY,2011,18/50,,,,,PDigwodDLwByNXtBS
T9848,968,81 DELOREAN DMC-12,,FASTER THAN EVER,GREY,2011,1/10,,,,,PDigwodDLwByNXtBS
V5223,1045,PORSCHE 911 GT2,,NIGHTBURNERZ ,,2011,9/10,,,,,PDigwodDLwByNXtBS
W4241,1053,FERRARI,,FERRARI 5-PACK,,2011,,,,,,PDigwodDLwByNXtBS
T9672,976,72 FORD GRAN TURISMO SPORT,,2011 NEW MODELS,,2011,2/50,,,,,PDigwodDLwByNXtBS
T9696,884,10 BMW M3,,2011 NEW MODELS,WHITE,2011,26/50,,,,,PDigwodDLwByNXtBS
T9701,914,ASTON MARTIN ONE-77,,2011 NEW MODELS,,2011,31/50,,,,,PDigwodDLwByNXtBS
T9703,848,NISSAN SKYLINE H/T 2000GT-X,,2011 NEW MODELS,,2011,33/50,,,,,PDigwodDLwByNXtBS
T9704,1017,BLVD. BRUISER,,2011 NEW MODELS,,2011,34/50,,,,,PDigwodDLwByNXtBS
T9710,892,11 KEN BLOCK FORD FIESTA,,2011 NEW MODELS,,2011,40/50,,,,,PDigwodDLwByNXtBS
T9715,896,FERRARI FF,,2011 NEW MODELS,,2011,45/50,,,,,PDigwodDLwByNXtBS
T9715,990,FERRARI FF,,2011 NEW MODELS,,2011,45/50,,,,,PDigwodDLwByNXtBS
T9718,918,LAMBORGHINI ESTOQUE,,2011 NEW MODELS,,2011,48/50,,,,,PDigwodDLwByNXtBS
T9755,872,TRIUMPH TR6,,TRACK STARS '11,,2011,5/15,,,,,PDigwodDLwByNXtBS
T9775,1013,SURFIN' SCHOOL BUS,,HW VIDEO GAME HEROES '11,,2011,10/22,,,,,PDigwodDLwByNXtBS
T9784,862,AMAZOOM,,HW VIDEO GAME HEROES '11,,2011,19/22,,,,,PDigwodDLwByNXtBS
T9806,1037,CUSTOM VOLKSWAGEN BEETLE,,HEAT FLEET '11,,2011,9/10,,,,,PDigwodDLwByNXtBS
T9812,1039,70 PONTIAC GTO,,MUSCLE MANIA '11,,2011,5/10,,,,,PDigwodDLwByNXtBS
T9824,1019,HONDA CIVIC SI,,NIGHTBURNERZ '11,,2011,7/10,,,,,PDigwodDLwByNXtBS
T9825,956,LAMBORGHINI REVENTON,,NIGHTBURNERZ '11,,2011,8/10,,,,,PDigwodDLwByNXtBS
T9840,866,TOYOTA LAND CRUISER FJ40,,HW PERFORMANCE '11,,2011,3/10,,,,,PDigwodDLwByNXtBS
T9849,958,AMC JAVELIN AMX,,FASTER THAN EVER '11,,2011,2/10,,,,,PDigwodDLwByNXtBS
T9866,930,92 FORD MUSTANG,,HW RACING '11,,2011,9/10,,,,,PDigwodDLwByNXtBS
T9893,912,POWER PANEL,,THRILL RACERS- DESERT '11,,2011,6/6,,,,,PDigwodDLwByNXtBS
T9911,898,SUBARU IMPREZA,,THRILL RACERS- VOLCANO '11,,2011,6/6,,,,,PDigwodDLwByNXtBS
T9926,868,FORD GT,,THRILL RACERS- RACEWAY,,2011,3/6,,,,,PDigwodDLwByNXtBS
T9929,1049,FIRE-EATER,,THRILL RACERS - RACEWAY,,2011,6/6,,,,,PDigwodDLwByNXtBS
T9942,972,66 CHEVY NOVA,,HW RACING '11,,2011,4/10,,,,,PDigwodDLwByNXtBS
T9956,880,MEGANE TROPHY,,2011 NEW MODELS,,2011,16/50,,,,,PDigwodDLwByNXtBS
T9972,1004,HONDA S2000,,2011 NEW MODELS,,2011,20/50,,,,,PDigwodDLwByNXtBS
T9972,910,HONDA S2000,,2011 NEW MODELS,,2011,20/50,,,,,PDigwodDLwByNXtBS
T9973,856,69 SHELBY GT-500,,2011 NEW MODELS,,2011,21/50,,,,,PDigwodDLwByNXtBS
T9982,922,68 COPO CAMARO,,2011 NEW MODELS,,2011,25/50,,,,,PDigwodDLwByNXtBS
V0003,864,71 MAVERICK GRABBER,,STREET BEASTS '11,,2011,1/10,,,,,PDigwodDLwByNXtBS
V0020,846,OFF TRACK,,THRILL RACERS- DESERT ,,2011,1/6,,,,,PDigwodDLwByNXtBS
V0023,876,MINI CHALLENGE,,2011 NEW MODELS ,,2011,30/50,,,,,PDigwodDLwByNXtBS
V0029,870,FORD ANGLIA PANEL TRUCK,,HW PERFORMANCE '11,,2011,8/10,,,,,PDigwodDLwByNXtBS
V0031,1021,47 WILLYS,,HW RACING '11,,2011,2/10,,,,,PDigwodDLwByNXtBS
V0032,1035,DIXIE CHALLENGER,,HW MAIN STREET '11,,2011,5/10,,,,,PDigwodDLwByNXtBS
V0034,920,VOLKSWAGEN BRASILIA,,2011 NEW MODELS,,2011,8/50,,,,,PDigwodDLwByNXtBS
V0044,854,LAMBORGHINI GALLARDO LP 570-4 SUPERLEGGERA,,2011 NEW MODELS,,2011,9/50,,,,,PDigwodDLwByNXtBS
V0047,954,ASTRO FUNK,,2011 NEW MODELS,,2011,27/50,,,,,PDigwodDLwByNXtBS
V3903,1002,VOLKSWAGEN BEETLE,,CLOVER CARS,GREEN,2011,6/6,,,,,PDigwodDLwByNXtBS
V5210,890,TOYOTA LAND CRUISER FJ40,,HW PERFORMANCE '11,,2011,3/10,,,,,PDigwodDLwByNXtBS
V5211,908,VOLKSWAGEN TYPE 181,,FASTER THAN EVER '11,,2011,10/10,,,,,PDigwodDLwByNXtBS
V5218,844,68 EL CAMINO,,MUSCLE MANIA,,2011,4/10,,,,,PDigwodDLwByNXtBS
V5224,960,AMC GREASED GREMLIN,,HW PERFORMANCE '11,,2011,7/10,,,,,PDigwodDLwByNXtBS
V5556,1011,53 FORD MUSTANG II CONCEPT,,2011 NEW MODELS,,2011,14/50,,,,,PDigwodDLwByNXtBS
V5557,904,63 STUDEBAKER CHAMP,,2011 NEW MODELS,,2011,29/50,,,,,PDigwodDLwByNXtBS
V9461,996,HONDA S2000,,2011 NEW MODELS,,2011,20/50,,,,,PDigwodDLwByNXtBS
X0092,932,NISSAN SKYLINE H/T 2000GT-R,,2011 NEW MODELS,,2011,22/50,,,,,PDigwodDLwByNXtBS
X8311,665,DAIRY DELIVERY,,THE MUPPETS,,2012,,,,,,PDigwodDLwByNXtBS
X8318,659,59 CHEVY DELIVERY,,THE MUPPETS,,2012,,,,,,PDigwodDLwByNXtBS
X8321,661,BAJA BREAKER,,THE MUPPETS,,2012,,,,,,PDigwodDLwByNXtBS
X8322,657,SUPER VAN,,THE MUPPETS,,2012,,,,,,PDigwodDLwByNXtBS
X8323,663,MIDNIGHT OTTO,,THE MUPPETS,,2012,,,,,,PDigwodDLwByNXtBS
X8350,655,34 FORD SEDAN DELIVERY,,THE MUPPETS,,2012,,,,,,PDigwodDLwByNXtBS
V5293,850,BMW M3 GT2,,2012 NEW MODELS,WHITE,2012,5/50,,X,,,PDigwodDLwByNXtBS
V5300,978,12 LAMBORGHINI AVENTADOR,,2012 NEW MODELS,,2012,12/50,,,,,PDigwodDLwByNXtBS
V5306,583,BMW Z4 M,,2012 NEW MODELS,WHITE,2012,18/50,,X,,,PDigwodDLwByNXtBS
V5309,934,BMW 2002,,2012 NEW MODELS,ORANGE,2012,21/247,,,,,PDigwodDLwByNXtBS
V5314,984,PORSCHE BOXSTER SPYDER,,2012 NEW MODELS,,2012,26/50,,,,,PDigwodDLwByNXtBS
V5319,988,MAZDA RX-7,,2012 NEW MODELS,,2012,31/50,,,,,PDigwodDLwByNXtBS
V5324,936,BENTLEY CONTINENTAL SUERSPORTS,,2012 NEW MODELS,,2012,36/247,,,,,PDigwodDLwByNXtBS
V5396,613,FORD GTX1,,FASTER THAN EVER '12 ,,2012,,,,,,PDigwodDLwByNXtBS
V5396,970,FORD GTX1,,FASTER THAN EVER '12,,2012,8/10,,,,,PDigwodDLwByNXtBS
V5398,948,DATSUN BLUEBIRD 510,,FASTER THAN EVER '12,,2012,2/10 ,,,,,PDigwodDLwByNXtBS
V5424,1043,LAMBORGHINI REVENTON,,HW ALL STARS,,2012,1/10,,,,,PDigwodDLwByNXtBS
V5424,986,LAMBORGHINI REVENTON,,HW ALL STARS '12,,2012,1/10,,,,,PDigwodDLwByNXtBS
V5426,878,ASTON MARTIN ONE-77,,HW ALL STARS,,2012,3/10,,,,,PDigwodDLwByNXtBS
V5428,1008,FERRARI 599XX,,HW ALL STARS '12,,2012,5/10,,,,,PDigwodDLwByNXtBS
V5431,1023,LAMBORGHINI ESTOQUE,,HW ALL STARS '12,,2012,8/10,,,,,PDigwodDLwByNXtBS
V5432,677,09 FORD FOCUS RS,,HW ALL STARS,,2012,9/10,,,,,PDigwodDLwByNXtBS
V5459,906,VOLKSWAGEN BRASILIA,,HEAT FLEET '12,,2012,5/10,,,,,PDigwodDLwByNXtBS
V5459,950,VOLKSWAGEN BRASILIA,,HEAT FLEET '12,,2012,5/10,,,,,PDigwodDLwByNXtBS
V5488,858,FLIGHT '03,,THRILL RACERS- RACE COURSE '12,,2012,4/5,,,,,PDigwodDLwByNXtBS
V5493,894,MITSUBISHI PAJERO,,THRILL RACERS- SWAMP RALLY '12,,2012,4/5,,,,,PDigwodDLwByNXtBS
V5502,974,CITROEN C4 RALLY,,THRILL RACERS - CITY STUNT '12,,2012,3/5,,,,,PDigwodDLwByNXtBS
V5513,992,68 EL CAMINO,,THRILL RACERS - BEACH '12,,2012,4/5,,,,,PDigwodDLwByNXtBS
V5565,900,FORD GTX1,,FASTER THAN EVER '12,,2012,8/10,,,,,PDigwodDLwByNXtBS
V5567,1033,FERRARI 458 ITALIA,,HW ALL STARS '12,,2012,10/10,,,,,PDigwodDLwByNXtBS
V5569,683,FORD FALCON RACE CAR,,2012 NEW MODELS,,2012,4/50,,,,,PDigwodDLwByNXtBS
V5578,609,DATSUN BLUEBIRD 510,,FASTER THAN EVER '12 ,,2012,,,,,,PDigwodDLwByNXtBS
V5613,938,BMW Z4 M,,2012 NEW MODELS,BLACK,2012,18/247,,X,,,PDigwodDLwByNXtBS
V5626,679,SUBARU WRX STI,,2012 NEW MODELS,,2012,33/50,,,,,PDigwodDLwByNXtBS
BGJ68,669,2008 TESLA ROADSTER,,HW SHOWROOM,CHARCOAL,2013,6/6,,X,Scavenger hunt,,PDigwodDLwByNXtBS
BDR42,IMG_20150627_203421,69 BOSS 302,,COOL CLASSICS,TURQUOISE,2014,21/30,,,,,PDigwodDLwByNXtBS
BDR43,1126,84 HURST OLDS,,COOL CLASSICS,GOLD,2014,22/30,,,,,PDigwodDLwByNXtBS
BDR44,1078,HONDA S2000,,COOL CLASSICS,GOLD,2014,23/30,,,,,PDigwodDLwByNXtBS
BDR45,1080,FORD GT,,COOL CLASSICS,SILVER,2014,24/30,,,,,PDigwodDLwByNXtBS
BDR46,1082,65 VOLKSWAGEN FASTBACK,,COOL CLASSICS,RED,2014,25/30,,,,,PDigwodDLwByNXtBS
BDD07,1074,BMW E36 M3 RACE,,HW RACE 2014 - TRACK ACES,WHITE,2014,9/10,,,,,PDigwodDLwByNXtBS
BDT89,IMG_20150717_181247.jpg,1987 TOYOTA PICKUP,,BACK TO THE FUTURE,BLACK,2014,,,X,,,PDigwodDLwByNXtBS
BFC43,1068,MAZDA RX-7,,HW CITY 2014 - NIGHT BURNERZ,,2014,1/10,,,,,PDigwodDLwByNXtBS
BFC44,585,TOYOTA SUPRA,,HW CITY 2014 - NIGHT BURNERZ,BLUE,2014,2/10,,X,,,PDigwodDLwByNXtBS
BFD19,IMG_20150706_211211.JPG,FIG RIG,,HW RACE 2014 - HW RACE TEAM,BLUE,2014,,,,,,PDigwodDLwByNXtBS
BFD84,IMG_20150722_204303.jpg,1971 MUSTANG MACH 1,,HW CITY 2014 - MUSTANG 50TH,GOLD,2014,,,,,,PDigwodDLwByNXtBS
BFF99,1089,ASTON MARTIN 1963 DB5,,HW WORKSHOP - HW ALL STARS,SILVER,2014,10/10,,X,JAMES BOND 007 GOLDFINGER,,PDigwodDLwByNXtBS
CFL78,IMG_20150708_202248.jpg,PORSCHE 911 GT3 RS,,HW WORKSHOP 2015 - NIGHT BURNERZ,RED,2015,,,,,,PDigwodDLwByNXtBS
CFV00,IMG_20150701_CFV00,63 MUSTANG II CONCEPT,,HAPPY FATHER'S DAY,BLUE,2015,,,,,,PDigwodDLwByNXtBS
CFV02,IMG_20150701_CFV02,CUSTOM'11 CAMARO,,HAPPY FATHER'S DAY,COPPER,2015,,,,,,PDigwodDLwByNXtBS
CFV03,IMG_20150701_CFV03,POISON ARROW,,HAPPY FATHER'S DAY,PURPLE,2015,,,,,,PDigwodDLwByNXtBS
CFV05,IMG_20150701_CFV05,CORVETTE C6,,HAPPY FATHER'S DAY,TURQUOISE,2015,,,,,,PDigwodDLwByNXtBS
CFG82,IMG_20150711_205457.jpg,BATMAN: ARKHAM KNIGHT BATMOBILE,,HW CITY 2015 - BATMAN,BLACK,2015,1/5,,,BATMAN: ARKHAM KNIGHT,,PDigwodDLwByNXtBS
CFG96,IMG_20150701_CFG96,GT HUNTER,,HW RACE 2015 - HW RACE TEAM,BLUE,2015,5/10,,,,,PDigwodDLwByNXtBS
CFG97,IMG_20150701_CFG97,WINNING FORMULA,,HW RACE 2015 - HW RACE TEAM,BLUE,2015,10/10,,,,,PDigwodDLwByNXtBS
CFG99,IMG_20150627_203544,SRT VIPER GTS-R,,HW RACE 2015 - WORLD RACE,SILVER,2015,5/10,,,,,PDigwodDLwByNXtBS
CFH01,IMG_20150706_211153.JPG,CORVETTE C7.R,,HW RACE 2015 - WORLD RACE,YELLOW,2015,10/10,,X,"#4 won Le Mans in 2015, #3 was out due to wreck",,PDigwodDLwByNXtBS
CFH03,IMG_20150718_152813.jpg,TESLSA MODEL S,,HW WORKSHOP 2015 - HW GARAGE,SILVER,2015,,,,,,PDigwodDLwByNXtBS
CFH22,IMG_20150722_204352.jpg,69 DODGE CHARGER 500,,HW CITY 2015 - HW PERFORMANCE,BLUE,2015,,,,,,PDigwodDLwByNXtBS
CFH36,IMG_20150717_181435.jpg,09 CORVETTE ZR1,,HW CITY 2015 - HW PERFORMANCE,BLUE,2015,,,,GULF LIVERY,,PDigwodDLwByNXtBS
CFH38,IMG_20150711_205519.jpg,8 CRATE,,HW WORKSHOP 2015 - HW GARAGE,MAROON,2015,,,,,,PDigwodDLwByNXtBS
CFH39,1058,70 CHEVY CHEVELLE ,,HW WORKSHOP 2015 - SPEED TEAM,NAVY,2015,,,,,,PDigwodDLwByNXtBS
CFH41,IMG_20150722_204456.jpg,69 FORD MUSTANG BOSS 302,,HW WORKSHOP 2015 - SPEED TEAM,ORANGE,2015,,,,,,PDigwodDLwByNXtBS
CFH45,IMG_20150627_203609,BENTLEY CONTINENTAL SUPERSPORTS,,HW WORKSHOP 2015 - SPEED TEAM,MAROON,2015,2/5,,,,,PDigwodDLwByNXtBS
CFH46,IMG_20150627_203449,CUSTOM '77 DODGE VAN,,HW CITY 2015 - HW PERFORMANCE,YELLOW,2015,10/10,,,,,PDigwodDLwByNXtBS
CFH47,1086,67 AUSTIN MINI VAN,,HW CITY - HW ART CARS,,2015,2/5,,,,,PDigwodDLwByNXtBS
CFH48,IMG_20150711_205110.jpg,83 CHEVY SILVERADO,,HW CITY 2015 - HW PERFORMANCE,ORANGE,2015,6/10,,,,,PDigwodDLwByNXtBS
CFH49,IMG_20150711_205415.jpg,71 EL CAMINO,,HW CITY 2015 - HW PERFORMANCE,BLACK,2015,,,,,,PDigwodDLwByNXtBS
CFH64,IMG_20150722_204205.jpg,U.S.S. ENTERPRISE NCC-1701,,HW CITY 2015 - HW SPACE TEAM,WHITE,2015,,,,,,PDigwodDLwByNXtBS
CFH77,IMG_20150711_205352.jpg,68 MERCURY COUGAR,,HW RACE 2015 - TRACK ACES,BLUE,2015,,,,,,PDigwodDLwByNXtBS
CFH83,IMG_20150701_CFH83,FERRARI 599XX,,HW WORKSHOP 2015 - THRILL RACERS,GREY,2015,,,,,,PDigwodDLwByNXtBS
CFH87,IMG_20150627_203518,90 HONDA CIVIC EF,,HW WORKSHOP 2014 - NIGHT BURNERZ,BLACK,2015,2/10,,,,,PDigwodDLwByNXtBS
CFH93,IMG_20150717_181329.jpg,55 CHEVY BEL AIR GASSER,,HW WORKSHOP 2015 - HEAT FLEET,ORANGE,2015,,,,,,PDigwodDLwByNXtBS
CFH95,IMG_20150711_205544.jpg,PASS 'N GASSER,,HW WORKSHOP 2015 - HEAT FLEET,BLUE,2015,,,,,,PDigwodDLwByNXtBS
CFJ08,IMG_20150722_204435.jpg,69 CHEVELLE SS 396,,HW WORKSHOP 2015 - MUSCLE MANIA,WHITE,2015,,,,,,PDigwodDLwByNXtBS
CFJ17,IMG_20150707_215459.jpg,CUSTOM '12 FORD MUSTANG,,HW WORKSHOP 2015 - HW DRIFT RACE,FALKEN,2015,,,X,Falken Tire livery,,PDigwodDLwByNXtBS
CFJ18,IMG_20150711_205307.jpg,69 CAMARO,,HW WORKSHOP 2015 - THEN AND NOW,WHITE,2015,1/10,,,,,PDigwodDLwByNXtBS
CFJ51,1072,COCKNEY CAB II,,HW CITY 2015 - HW CITY WORKS,BLUE,2015,8/10,,,,,PDigwodDLwByNXtBS
CFJ54,IMG_20150706_211228,THE VANSTER,,HW RACE 2015 - HW RACE TEAM,BLUE,2015,3/10,,,,,PDigwodDLwByNXtBS
CFJ61,IMG_20150707_215434.jpg,BMW E36 M3 RACE,,HW RACE 2015 - WORLD RACE,BLACK,2015,,,X,,,PDigwodDLwByNXtBS
CFJ74,IMG_20150711_205331.jpg,LOTUS ESPRIT S1,,HW WORKSHOP 2015 - HW GARAGE,RED,2015,4/10,,,,,PDigwodDLwByNXtBS
CFJ75,IMG_20150701_CFJ75,70 CHEVY CHEVELLE,,HW WORKSHOP 2015 - SPEED TEAM,BURGANDY,2015,,,,,,PDigwodDLwByNXtBS
CFK18,IMG_20150701_CFK18,THE HOMER,,HW CITY 2015 - TOONED,GREEN,2015,,,,,,PDigwodDLwByNXtBS
CFK21,IMG_20150706_211130, BATMOBILE (THE BRAVE AND THE BOLD),,HW CITY 2015 - BATMAN,BLACK,2015,3/5,,,,,PDigwodDLwByNXtBS
CFK32,IMG_20150717_181357.jpg,2008 LANCER EVOLUTION,,HW OFF-ROAD  2015 - ROAD RALLY,GREY,2015,,,,,,PDigwodDLwByNXtBS
CFK35,567,MORRIS MINI,,HW OFF-ROAD 2015 - ROAD RALLY,ORANGE,2015,,,,,,PDigwodDLwByNXtBS
CFK51,IMG_20150711_204942.jpg,HOT WHEELS FORD TRANSIT CONNECT,,HW OFF ROAD 2015 - HOT WHEELS TEST FACILITY,RED,2015,3/5,,,,,PDigwodDLwByNXtBS
CFK72,IMG_20150722_204330.jpg,DATSUN 620,,HW OFF-ROAD 2015 - HW HOT TRUCKS,GREEN,2015,,,,,,PDigwodDLwByNXtBS
CFK76,IMG_20150701_CFK76,RRROADSTER,,HW RACE 2015 - HW RACE TEAM,BLUE,2015,4/10,,,,,PDigwodDLwByNXtBS
CFK77,1076,C6 CORVETTE,,HW RACE 2015 - HW RACE TEAM,BLUE,2015,6/10,,,,,PDigwodDLwByNXtBS
CFK80,IMG_20150630_CFH15,ASTON MARTIN VANTAGE GT3,,HW RACE 2015 - WORLD RACE,BLUE,2015,,,X,,,PDigwodDLwByNXtBS
CFK80,IMG_20150701_CFK80,PROTOTYPE H-24,,HW RACE 2015 - HW RACE TEAM,BLUE,2015,9/10,,,,,PDigwodDLwByNXtBS
CFL39,IMG_20150711_205244.jpg,LAMBORGHINI HURACAN LP 610-4,,HW WORKSHOP 2015 - HW GARAGE,GREEN,2015,7/10,,,,,PDigwodDLwByNXtBS
CFL45,IMG_20150711_205435.jpg,BATMOBILE,,HW CITY 2015 - BATMAN,BLACK,2015,2/5,,,BATMAN THE BRAVE & THE BOLD,,PDigwodDLwByNXtBS
CFL46,IMG_20150718_152900.jpg,BATMAN LIVE! BATMOBILE,,HW CITY 2015 - BATMAN,BLACK,2015,,,,BATMAN LIVE! BATMOBILE,,PDigwodDLwByNXtBS
CFL58,IMG_20150701_CFL58,DATSUN 240Z,,HW WORKSHOP 2015 - THEN AND NOW,WHITE,2015,,,,,,PDigwodDLwByNXtBS
CFL73,IMG_20150711_205146.jpg,MORRIS MINI,,HW OFF-ROAD 2015 - ROAD RALLY,LT BLUE,2015,5/5,,,,,PDigwodDLwByNXtBS
CFM17,IMG_20150722_204413.jpg,70 PLYMOUTH AAR CUDA,,HW WORKSHOP 2015 - NIGHT BURNERZ,GREEN,2015,,,,,,PDigwodDLwByNXtBS
16942,732,TWANG THANG,,ROCKIN' RODS SERIES,,,1/4,569,,,,PDigwodDLwByNXtBS
16943,734,FERRARI 355,,ROCKIN' RODS SERIES,,,2/4,570,,,,PDigwodDLwByNXtBS
16944,736,TURBO FLAME,,ROCKIN' RODS SERIES,,,3/4,571,,,,PDigwodDLwByNXtBS
16945,738,PORSCHE 930,,ROCKIN' RODS SERIES,,,4/4,572,,,,PDigwodDLwByNXtBS
CFH62,569,PORSCHE 934 TURBO RSR,,HW WORKSHOP,BLACK,,,,,,,PDigwodDLwByNXtBS
CFH86,557,PORSCHE 911 GT3 RS,,HW WORKSHOP,YELLOW,,,,,,,PDigwodDLwByNXtBS
CFJ67,571,PORSCHE 934 TURBO RSR,,HW WORKSHOP,BLUE,,,,,,,PDigwodDLwByNXtBS
X1615,689,PORSCHE 918 SPYDER,,HW SHOWROOM,,,,,,,,PDigwodDLwByNXtBS
X1664,691,PORSCHE CARRERA GT,,HW CITY,,,,,,,,PDigwodDLwByNXtBS
18802,728,SCHOOL BUS,,MIXED SIGNALS SERIES,,,4/4,736,,,,PDigwodDLwByNXtBS
27068,838,HOT SEAT,1A,VIRTUAL COLLECTION,,2000,,,,,,PDigwodDLwByNXtBS
52941,717,MOTO-CROSSED,1A,FIRST EDITION,RED,2002,,,,,,PDigwodDLwByNXtBS
53729,924,FERRARI 308,1A,,SILVER,2001,,190,,,,PDigwodDLwByNXtBS
57233,836,CRAZED CLOWNS,1A,,RED,2003,2/5,,,,,PDigwodDLwByNXtBS
BDT92,581,LOTUS ESPRIT SI,,JAMES BOND 007,WHITE,,,,,THE SPY WHO LOVED ME,,PDigwodDLwByNXtBS
BFC46,591,70 TOYOTA CELICA,,HW CITY,,,,,,,,PDigwodDLwByNXtBS
BFF04,573,NISSAN SKYLINE H/T 2000GT-X,,HW WORKSHOP,BLACK,,,,,,,PDigwodDLwByNXtBS
BFF44,563,SUBARU IMPREZA WRX,,HW OFF-ROAD,BLUE,,,,,,,PDigwodDLwByNXtBS
BFF52,615,DATSUN 620,,HW OFF-ROAD,,,,,,,,PDigwodDLwByNXtBS
BFF81,565,MORRIS MINI,,HW WORKSHOP,GREEN,,,,,,,PDigwodDLwByNXtBS
BFF82,625,FIAT 500,,HW CITY,,,,,,,,PDigwodDLwByNXtBS
BFF91,637,LAFERRARI,,HW CITY,,,,,,,,PDigwodDLwByNXtBS
BFF97,639,PAGANI HUAYRA,,HW WORKSHOP,,,,,,,,PDigwodDLwByNXtBS
BFG32,561,LAND CRUSHER,,HW OFF-ROAD,ORANGE,,,,,,,PDigwodDLwByNXtBS
BFG36,577,MONSTER DAIRY DELIVERY,,HW OFF-ROAD,BLUE,,,,,,,PDigwodDLwByNXtBS
BFG64,605,BMW E36 M3 RACE,,HW RACE,RED,,,,,,,PDigwodDLwByNXtBS
BFG75,601,68 PLYMOUTH BARRACUDA FORMULA S,,HW WORKSHOP,,,,,,,,PDigwodDLwByNXtBS
CFG74,595,LOTUS ESPRIT SI,,HW WORKSHOP,,,,,,,,PDigwodDLwByNXtBS
CFH04,611,CORVETTE GRAND SPORT ROADSTER,,HW RACE,,,,,,,,PDigwodDLwByNXtBS
CFH20,1064,MCLAREN P1,,HW WORKSHOP,,,,,,,,PDigwodDLwByNXtBS
CFH32,597,COCKNEY CAB II,,HW CITY,,,,,,,,PDigwodDLwByNXtBS
CFH91,589,MAZDA RX-7,,HW WORKSHOP,,,,,,,,PDigwodDLwByNXtBS
CFJ03,627,14 CORVETTE STINGRAY,,HW WORKSHOP,,,,,,,,PDigwodDLwByNXtBS
CFJ16,603,TOYOTA AE-86 COROLLA,,HW WORKSHOP,,,,,,,,PDigwodDLwByNXtBS
CFJ20,559,DATSUN 240Z,,HW WORKSHOP,BLACK,,,,,,,PDigwodDLwByNXtBS
CFJ22,575,ASTON MARTIN 1963 DB5,,HW WORKSHOP,RED,,,,,,,PDigwodDLwByNXtBS
CFJ25,593,NISSAN 370Z,,HW WORKSHOP,,,,,,,,PDigwodDLwByNXtBS
CFJ55,587,12 ACURA NSX CONCEPT,,HW WORKSHOP,BLUE,,,,,,,PDigwodDLwByNXtBS
CFJ64,599,SRT VIPER GTS-R,,HW RACE,,,,,,,,PDigwodDLwByNXtBS
CFK90,1060,BMW E36 M3 RACE,,HW RACE ,BLUE,,,,,,,PDigwodDLwByNXtBS
CFV19,1062,VOLKSWAGEN CADDY,,HW OFF-ROAD,,,,,,,,PDigwodDLwByNXtBS
G6734,842,PROTOTIPO ALFA ROMEO B.A.T.9,1A,2005 FIRST EDITIONS,SILVER,2005,19/20,019,,,,PDigwodDLwByNXtBS
G6828,834,1971 PLYMOUTH GTX,1A,MUSCLE MANIA,YELLOW,2005,1/5,101,,,,PDigwodDLwByNXtBS
G6835,944,WHIP CREAMER II,1A,WHITE HEAT,WHITE,2005,3/5,108,,,,PDigwodDLwByNXtBS
J3277,621,DATSUN 240Z,,,,,,,,,,PDigwodDLwByNXtBS
J8024,994,LOTUS PROJECT M250,,,GREEN,,,,,,,PDigwodDLwByNXtBS
P2432,832,COCKNEY CAB II,,,,,6/10,,,,,PDigwodDLwByNXtBS
R0956,1025,71 DODGE CHARGER,,2010 NEW MODELS,,,36/44,,,,,PDigwodDLwByNXtBS
R3727,1006,SUPER VAN,,REAL RIDERS,,,1/34,,,,,PDigwodDLwByNXtBS
R7474,902,,,MYSTERY,,,1/24,,,OPENED,,PDigwodDLwByNXtBS
R7522,1031,DATSUN BLUEBIRD 510,,NIGHTBURNERZ,,,9/10,,,,,PDigwodDLwByNXtBS
R7556,940,TRIUMPH TR6,,,,,131/240,,,,,PDigwodDLwByNXtBS
T9760,888,MORRIS MINI,,TRACK STARS,,,10/15,,,,,PDigwodDLwByNXtBS
T9857,830,VOLKSWAGEN TYPE 181,,,,,10/10,,,,,PDigwodDLwByNXtBS
T9859,942,47 WILLYS,,HW RACING,,,2/10,,,,,PDigwodDLwByNXtBS
T9892,946,OLDS 442 W-30,,THRILL RACERS - DESERT,,,5/6,,,,,PDigwodDLwByNXtBS
T9895,1051,MAD PROPZ,,THRILL RACERS - HIGHWAY,,,2/6,,,,,PDigwodDLwByNXtBS
T9985,980,70 MONTE CARLO,,MUSCLE MANIA '11,,,6/10,,,,,PDigwodDLwByNXtBS
V0033,607,FORD GT,,THRILL RACERS - RACEWAY '11,,,,,,,,PDigwodDLwByNXtBS
V5500,617,2009 CORVETTE STINGRAY CONCEPT,,THRILL RACERS - CITY STUNT '12,,,,,,,,PDigwodDLwByNXtBS
W1541,886,84 PONTIAC FIERO 2M4,,,,,,,,,,PDigwodDLwByNXtBS
W1551,860,PACKIN' PACER,,,,,,,,,,PDigwodDLwByNXtBS
W1566,1047,VOLKSWAGEN BEETLE,,THE HOT ONES,,,,,,,,PDigwodDLwByNXtBS
W5150,709,SURFIN' SCHOOL BUS,,HANNA-BARBERA PRESENTS,,,,,,THE JETSONS,,PDigwodDLwByNXtBS
X1632,715,70 TOYOTA CELICA,,HW CITY,,,,,,,,PDigwodDLwByNXtBS
X1639,671,12 MINI COUNTRYMAN RALLY,,HW STUNT,,,,,,,,PDigwodDLwByNXtBS
X1640,641,12 ACURA NSX CONCEPT,,HW SHOWROOM,,,,,,,,PDigwodDLwByNXtBS
X1731,693,CITROEN C4 RALLY,,HW STUNT,,,,,,,,PDigwodDLwByNXtBS
X1733,685,SUBARU WRX STI,,HW CITY,,,,,,,,PDigwodDLwByNXtBS
X1782,695,Blue,,HW SHOWROOM,,,,,,,,PDigwodDLwByNXtBS
X1786,687,NISSAN SKYLINE GT-R (R34),,HW SHOWROOM,,,,,,,,PDigwodDLwByNXtBS
X1811,579,67 CAMARO,,HW SHOWROOM,BLACK,,,,,,,PDigwodDLwByNXtBS
X1844,673,TOYOTA 2000 GT,,HW SHOWROOM,,,,,,,,PDigwodDLwByNXtBS
X1862,675,70 TOYOTA CELICA,,HW CITY,,,,,,,,PDigwodDLwByNXtBS
X1873,619,HONDA S2000,,HW CITY,,,,,,,,PDigwodDLwByNXtBS
X1953,629,BMW 2002,,HW SHOWROOM,BLUE,,,,,,,PDigwodDLwByNXtBS
X1990,623,LOTUS PROJECT M250,,HW SHOWROOM,,,,,,,,PDigwodDLwByNXtBS
X1998,633,65 MUSTANG 2+2 FASTBACK,,HW SHOWROOM,,,,,,,,PDigwodDLwByNXtBS
X2001,635,64 CHEVY NOVA STATION WAGON,,HW SHOWROOM,,,,,,,,PDigwodDLwByNXtBS
X2031,631,92 BMW M3,,HW SHOWROOM,BLUE,,,,,,,PDigwodDLwByNXtBS
X5953,697,CAMARO Z28,,4TH OF JULY,BLUE,,1/5,,,,,PDigwodDLwByNXtBS
X5954,699,TRACK T,,4TH OF JULY,GOLD,,2/5,,,,,PDigwodDLwByNXtBS
X5955,701,RODGER DODGER,,4TH OF JULY,RED,,3/5,,,,,PDigwodDLwByNXtBS
X5956,703,CUSTOM '62 CHEVY,,4TH OF JULY,BLUE,,4/5,,,,,PDigwodDLwByNXtBS
X5957,705,64 LINCOLN CONTINENTAL,,4TH OF JULY,RED,,5/5,,,,,PDigwodDLwByNXtBS
Y2151,643,64 BUICK RIVIERA,,SUPERMAN,,,1/6,,,,,PDigwodDLwByNXtBS
Y2152,645,65 PONTIAC GTO,,SUPERMAN,,,2/6,,,,,PDigwodDLwByNXtBS
Y2153,651,05 FORD MUSTANG GT,,SUPERMAN,,,5/6,,,,,PDigwodDLwByNXtBS
Y2154,647,CUSTOM '11 CAMARO,,SUPERMAN,,,3/6,,,,,PDigwodDLwByNXtBS
Y2155,649,8 CRATE,,SUPERMAN,,,4/6,,,,,PDigwodDLwByNXtBS
Y2156,653,JADED,,SUPERMAN,,,6/6,,,,,PDigwodDLwByNXtBS
CFL64,IMG_20150726_152027.jpg,12 FORD FIESTA,,HW OFF-ROAD 2015 - ROAD RALLY,GREEN,2015,,,,,,PDigwodDLwByNXtBS
CFH16,IMG_20150726_152048.jpg,90 ACURA NSX,,HW WORKSHOP 2015 - HW GARAGE,RED,2015,,,X,,,PDigwodDLwByNXtBS
CMJ29,IMG_20150726_152117.jpg,COCKNEY CAB II,1A,TOM AND JERRY,GREEN/WHITE,2015,1/6,,,,,PDigwodDLwByNXtBS
CMJ31,IMG_20150726_152135.jpg,THE GOV'NER,1A,TOM AND JERRY,RED,2015,3/6,,,,,PDigwodDLwByNXtBS
CMJ32,IMG_20150726_152157.jpg,HW PURSUIT,1A,TOM AND JERRY,BLUE/WHITE,2015,4/6,,,,,PDigwodDLwByNXtBS
CMJ33,IMG_20150726_152232.jpg,AVANT GARDE,1A,TOM AND JERRY,BLACK/ORANGE,2015,5/6,,,,,PDigwodDLwByNXtBS
CMJ34,IMG_20150726_152249.jpg,RYURA LX,1A,TOM AND JERRY,BLACK,2015,6/6,,,,,PDigwodDLwByNXtBS
CFH18,IMG_20150729_194718.jpg,70 FORD ESCORT RS1600,,HW WORKSHOP 2015 - HW GARAGE,BLUE,2015,,,X,,,PDigwodDLwByNXtBS
CFL63,IMG_20150730_203009.jpg,VOLKSWAGEN CADDY,,HW OFF-ROAD 2015 - HW HOT TRUCKS,SILVER,2015,,,,,,PDigwodDLwByNXtBS
BDR31,IMG_20150730_203035.jpg,1987 TOYOTA PICKUP,,HOT WHEELS COOL CLASSICS,GOLD,2014,,,X,,,PDigwodDLwByNXtBS